symbol,y,x1,x2,x3,x4,underwriter,exchange
AAOI,1.009,1.000,36000,0.286,0.024,4-38,1
AAPC,1.003,1.001,75075,0.740,0.033,18,1
AAVL,1.099,1.471,150000,0.281,0.103,3-4-41,1
ABCW,1.043,1.102,10660,0.040,0.057,34-39,1
ABGB,1.036,1.012,616500,0.355,0.004,18-77,1
ABY,1.021,1.212,873725,0.311,0.111,8-18,1
ACRX,1.018,1.000,40000,0.413,0.096,4,1
ADAP,1.013,1.132,216562,0.159,0.097,8-41-56,1
ADHD,1.006,1.031,25781,0.281,0.019,69,1
ADMS,1.023,1.053,50550,0.183,0.047,1-4,1
ADRO,1.070,1.882,224000,0.119,0.113,8-56,1
AEGR,1.126,1.021,48500,0.297,0.003,56-80,1
AERI,1.029,1.055,70896,0.303,0.034,10-26,1
AFH,1.022,1.000,24131,0.540,0.011,34,1
AFMD,1.007,0.993,55600,0.334,0.062,3-31-56,1
AGIO,1.051,1.611,170777,0.195,0.104,2-19,1
AGRX,1.064,0.917,50416,0.493,0.050,6-10,1
AGTC,1.059,1.062,53125,0.311,0.015,17-31-43,1
AKAO,1.089,1.071,77100,0.358,0.081,1-41,1
AKBA,1.043,1.347,134705,0.305,0.128,1-7,1
AKER,1.007,1.029,15434,0.557,0.011,69,1
ALDR,1.029,1.035,82800,0.268,0.021,1-56,1
ALDX,1.041,0.938,11250,0.290,0.031,69,1
ALRM,1.097,1.146,112350,0.156,0.166,1-2-8,1
ALTR,1.025,1.308,204000,0.561,0.144,10-19-21,1
AMBA,1.013,1.118,40260,0.232,0.052,7-21,1
AMDA,1.055,1.071,21560,0.289,0.035,33,1
AMPH,1.107,1.000,56000,0.184,0.080,3-4-31,1
AMRS,1.044,1.031,87450,0.123,0.032,2-7,1
ANAC,1.030,1.000,60000,0.451,0.057,18-21,1
ANGI,1.042,1.385,158281,0.158,0.142,8,1
APIC,1.025,1.176,102300,0.176,0.155,1-7-19,1
APPF,1.131,1.012,75330,1.000,0.056,1-7,1
AQMS,1.008,1.300,42900,0.492,0.014,15,1
AQXP,1.059,1.073,49560,0.418,0.045,3-41,1
ARCP,1.009,1.000,110000,0.970,0.001,96-168,1
ARDX,1.026,1.036,62147,0.240,0.052,18-56,1
ARGS,1.113,1.113,50062,0.295,0.016,4-26-33,1
ASND,1.022,1.194,129000,0.262,0.085,8-56,1
ATOS,1.099,0.910,3640,0.062,0.009,113,1
ATRA,1.101,0.899,49450,0.258,0.031,2-18,1
AVGR,1.013,1.033,67150,0.489,0.000,11-41,1
AVNU,1.000,1.300,35750,0.250,0.010,35,1
AWAY,1.058,1.337,288800,0.100,0.179,7,1
BBRG,1.103,1.036,145000,0.519,0.079,3-4-37,1
BCOV,1.062,1.318,72500,0.190,0.104,7-26,1
BIND,1.000,1.000,70500,0.298,0.113,1-41,1
BIOC,1.002,1.000,19000,0.420,0.049,69-94,1
BITI,1.138,1.091,61123,0.308,0.029,10-26,1
BLCM,1.060,1.293,180516,0.284,0.135,3-4-18,1
BLMN,1.075,1.055,185600,0.133,0.114,7-8-19,1
BLPH,1.025,0.833,50000,0.387,0.078,41-56,1
BLUE,1.059,1.500,151499,0.272,0.119,8-19,1
BLVDU,1.000,1.005,211050,0.800,0.048,18,1
BNFT,1.141,1.604,209737,0.203,0.215,2-3-21,1
BOJA,1.053,1.397,205762,0.216,0.230,3-8-37,1
BONA,2.529,1.000,99790,0.400,0.081,8-19,1
BPMC,1.021,1.300,190612,0.315,0.165,2-41,1
BUFF,1.017,1.350,913451,0.173,0.164,18-19,1
BVXV,1.000,0.978,9339,0.585,0.024,69,1
BWFG,1.002,1.012,49243,0.411,0.002,34-35,1
BZUN,1.100,1.025,112750,1.000,0.087,1-7-8,1
CAFD,1.012,0.988,415000,1.000,0.145,2-18,1
CALA,1.100,1.022,81760,0.447,0.079,18-56,1
CAPN,1.012,0.785,8415,0.255,0.015,13,1
CARA,1.037,1.056,58099,0.229,0.026,4-26,1
CARB,1.241,1.080,67500,0.260,0.022,8-19,1
CATB,1.020,1.062,63700,0.344,0.056,18-41,1
CBF,1.005,1.006,181000,0.307,0.077,1-2-8,1
CBYL,1.012,1.300,84500,0.536,0.015,56,1
CCCR,1.207,0.923,8220,0.132,0.024,58-90,1
CCIH,1.111,1.942,163646,0.016,0.149,8-21,1
CCXI,1.133,1.049,47205,0.128,0.023,18-19,1
CDNA,1.052,0.950,38000,0.346,0.063,4-56,1
CDRB,1.041,3.170,31700,0.147,0.000,90,1
CDTX,1.187,1.007,77328,0.356,0.108,3-56,1
CDW,1.057,1.038,410130,0.138,0.057,2-17-19,1
CEMP,1.048,1.033,52080,0.425,0.006,26-41-56,1
CERE,1.041,1.138,74000,0.213,0.040,2-17,1
CERU,1.079,1.014,60350,0.447,0.011,56,1
CFMS,1.134,1.200,162000,0.230,0.142,19-21,1
CG,1.020,1.000,671000,1.000,0.082,1-18-19,1
CGIX,1.003,1.000,6000,0.143,0.002,6-39-69-94,1
CHEF,1.016,1.133,153000,0.435,0.172,3-31-37,1
CHMA,1.057,1.281,130482,0.277,0.127,17-41,1
CHRS,1.012,0.944,80277,0.196,0.130,1-19,1
CHUY,1.000,1.154,87499,0.388,0.123,3-39,1
CLCD,1.012,0.850,46750,0.363,0.091,4-26,1
CLDN,1.025,1.238,54450,0.311,0.019,17-19,1
CLIR,1.056,1.028,12330,0.368,0.015,134,1
CLLS,1.013,1.000,228250,0.157,0.180,3-4-8,1
CLVS,1.026,1.004,130500,0.462,0.032,1-19,1
CMRX,1.061,1.081,110824,0.300,0.075,7-41,1
CNAT,1.022,1.000,66000,0.385,0.102,4-26,1
CNCE,1.032,1.125,94500,0.348,0.095,32-37,1
CNOB,1.016,1.089,48800,0.337,0.038,26,1
CNV,1.033,1.090,204484,0.061,0.076,7-19,1
COLL,1.083,1.000,69600,0.294,0.063,3-4,1
COMM,1.028,1.000,576923,0.207,0.110,8-19-21,1
CONE,1.052,1.105,346500,0.850,0.177,7-8,1
COVS,1.077,1.260,80640,0.176,0.134,1-42,1
CRTO,1.071,1.355,339468,0.146,0.186,3-19-21,1
CSOD,1.111,1.385,189000,0.225,0.112,2-17,1
CSTE,1.048,0.999,73193,0.200,0.091,1-17-19,1
CTRL,1.016,1.169,74800,0.181,0.137,8-38,1
CYAD,1.001,0.990,99134,0.157,0.151,4-32,1
CYBR,1.080,1.562,22500,0.028,1.681,17-19-21,1
CZR,1.541,1.007,16410,0.014,0.161,1-18,1
DATE,1.056,1.000,78100,0.151,0.113,8-18,1
DERM,1.028,1.125,140625,0.404,0.099,18-56,1
DFRG,1.001,0.981,73950,0.244,0.095,4-21-37,1
DNAI,1.177,1.687,232308,0.281,0.090,3-8,1
DNKN,1.098,1.316,556250,0.185,0.195,7-17-19,1
DPRX,1.086,1.217,40150,0.338,0.033,12,1
DRNA,1.161,2.000,180000,0.361,0.078,3-26-56,1
DSKY,1.089,1.167,134750,1.000,0.175,1-19-26,1
DTEA,1.052,1.316,127551,0.220,0.227,2-19,1
EAC,1.031,1.000,38400,0.500,0.029,12-26-80,1
EARS,1.024,1.017,57340,0.333,0.031,3-56,1
EBIO,1.062,1.035,51750,0.325,0.039,18-41-56,1
ECYT,1.069,1.067,80000,0.451,0.006,10-56,1
EGLT,1.013,1.042,52500,0.287,0.038,26-33,1
EGRX,1.061,1.033,51925,0.241,0.124,4-6,1
EIGI,1.044,0.917,231561,0.167,0.086,1-2-7,1
ENPH,1.035,1.250,67272,0.228,0.050,7-8-21,1
ENVI,1.057,1.039,72509,0.291,0.092,2-4-21-26,1
EPZM,1.040,1.333,102840,0.186,0.088,18-41-56,1
ESPR,1.009,1.086,76000,0.355,0.000,1-18,1
ETSY,1.124,1.938,516666,0.150,0.074,2-7,1
EVAR,1.031,1.000,55000,0.309,0.051,3-17,1
EVOK,1.027,0.929,23415,0.363,0.053,69,1
EXA,1.013,1.000,62500,0.474,0.064,26,1
EYES,1.321,1.889,59500,0.101,0.011,134,1
FANG,1.026,1.018,222750,0.356,0.059,1,1
FATE,1.104,1.093,43733,0.348,0.017,31-41,1
FB,1.071,1.105,17691811,0.665,0.180,2-7-19,1
FBNK,1.045,1.100,189117,1.106,0.024,35,1
FEYE,1.055,2.015,611552,0.129,0.196,2-7-17-19,1
FGEN,1.020,1.278,186300,0.143,0.160,2-18-56,1
FIVE,1.023,1.532,250480,0.178,0.189,2-3-17,1
FIVN,1.176,1.136,79500,0.217,0.037,8-17-19,1
FLDM,1.052,1.000,75037,0.293,0.051,4-21,1
FLKS,1.026,1.188,102600,0.303,0.102,3-4,1
FLXN,1.008,1.231,80000,0.339,0.045,31-37,1
FMI,1.056,1.750,185499,0.217,0.254,2-19,1
FOGO,1.021,1.300,114705,0.162,0.338,3-19,1
FOMX,1.375,1.333,53600,0.312,0.100,17-41,1
FOXF,1.038,1.200,154285,0.236,0.105,4-6-39,1
FPRX,1.000,1.231,76800,0.300,0.094,3-31-37,1
FRAN,1.022,1.353,230000,0.230,0.221,2-3-19,1
FRPT,1.025,1.317,205729,0.328,0.206,1-2,1
FRSH,1.000,1.100,70583,0.344,0.120,3-37-39,1
FUEL,1.043,2.067,239800,0.123,0.166,1-18,1
FWM,1.023,1.385,245700,0.529,0.198,1-3-6-8,1
FWP,1.001,0.904,199394,0.229,0.079,3-10-56,1
GDEF,1.004,1.000,60000,0.715,0.059,41,1
GEVO,1.095,1.035,110968,0.290,0.058,4-18-32,1
GLBL,1.017,0.933,630000,0.383,0.122,7-17-18-19,1
GLMD,1.102,1.259,48235,0.266,0.041,13,1
GLPG,1.003,1.101,303265,0.199,0.054,1-7-41,1
GLYC,1.021,1.300,72800,0.429,0.044,3-17,1
GMAN,1.228,1.000,58928,0.286,0.058,4-37,1
GMLP,1.027,1.067,288000,0.519,0.221,7-8-18,1
GNBC,1.023,1.091,76734,0.184,0.049,3-34,1
GNCA,1.004,0.975,64349,0.319,0.138,18-41,1
GOGO,1.045,0.941,176000,0.130,0.138,7-19-32,1
GOMO,1.098,1.258,98770,1.000,0.185,1-19,1
GPIAU,1.000,1.005,150750,0.800,0.042,18,1
GPP,1.031,1.015,152300,0.629,0.113,8-17,1
GPRO,1.082,1.194,509970,1.000,0.178,17-18-19,1
GRPN,1.112,1.400,980000,0.055,0.084,1-2-7,1
GWGH,1.388,0.980,9800,0.136,0.006,29-58-114-140,1
HABT,1.200,1.667,150000,0.608,0.187,4-37-39,1
HAWK,1.019,1.087,250000,1.000,0.151,2-8-18-21,1
HCACU,1.005,1.000,175000,0.800,0.055,30-32,1
HDP,1.015,1.500,150000,0.150,0.145,1-2-10,1
HDS,1.014,1.000,957446,0.289,0.107,1-8-17-19,1
HIIQ,1.018,1.009,65893,1.000,0.097,1-18,1
HLG,1.000,1.071,21435,2.000,0.002,45,1
HMHC,1.140,1.167,255500,0.130,0.071,2-7,1
HMST,1.043,1.068,89132,0.529,0.011,120,1
HQY,1.000,1.429,182000,0.183,0.152,19-37,1
HSGX,1.143,1.032,67068,0.463,0.016,11-41-57,1
HTBX,1.019,1.000,25000,0.411,0.062,69,1
HTGM,1.006,1.000,49980,0.530,0.042,56,1
HZNP,1.022,1.000,49500,0.282,0.019,26-33-41,1
IBTX,1.033,1.154,96000,0.279,0.024,34-35-48,1
ICBK,1.009,1.038,19293,0.215,0.017,39-117,1
ICPT,1.052,1.293,97000,0.318,0.029,8,1
IMDZ,1.044,1.012,60750,0.317,0.048,3-56,1
IMI,1.001,1.000,96500,0.229,0.112,7-19,1
INGN,1.008,1.000,70588,0.244,0.189,19,1
INOV,1.018,1.228,736888,1.000,0.122,2-7-18,1
INSY,1.052,1.062,34000,0.192,0.011,33-37,1
IPDN,1.034,0.991,20816,0.415,0.079,69-253,1
IPWR,1.048,1.050,15750,0.484,0.001,16-134,1
IRG,1.030,1.204,97211,0.233,0.120,1-4-39,1
IRMD,1.127,1.600,20160,0.194,0.035,14,1
ISTR,1.021,1.016,40911,0.422,0.015,34-117,1
ITEK,1.016,1.017,40668,0.420,0.035,4-41,1
IVTY,1.089,1.062,51000,0.315,0.039,4-26-56,1
JAGX,1.000,1.000,20020,0.352,0.023,31-69-92,1
JD,1.043,1.145,2037662,1.000,0.144,8-32,1
JIVE,1.091,1.260,203206,0.228,0.155,2-7,1
JRVR,1.008,1.015,234520,0.385,0.052,31-32-35-120,1
JYNT,1.076,1.018,19860,0.327,0.016,14-94,1
KANG,1.017,1.179,179929,1.000,0.074,8-32,1
KBIO,1.011,1.020,71400,0.363,0.007,56,1
KEYW,1.026,1.030,93730,0.383,0.022,5,1
KIN,1.165,1.250,65625,0.498,0.012,31-92,1
KITE,1.071,1.497,190875,0.203,0.092,1-3-41,1
KMDA,1.055,1.050,54207,0.163,0.054,3-7,1
KMPH,1.039,1.068,59818,0.378,0.034,10-41,1
KPTI,1.069,1.116,121448,0.237,0.131,8-56,1
KRNT,1.083,1.200,85200,0.247,0.049,17-18,1
KTWO,1.015,1.000,132375,0.238,0.083,4-17-37,1
KYTH,1.082,1.156,81356,0.253,0.054,2-19,1
LAND,1.022,1.011,50533,0.548,0.013,27-33,1
LDRH,1.050,1.233,92500,0.221,0.080,4-6,1
LENS,1.008,0.925,38541,0.313,0.150,3,1
LGIH,1.048,1.115,110340,0.464,0.096,19-21-33,1
LIFE,1.018,0.946,71020,0.238,0.148,18-19,1
LMNS,1.055,1.042,78125,0.660,0.115,1-2-3,1
LMRK,1.000,0.987,49687,0.564,0.077,10-38-39,1
LNCO,1.017,1.007,1111687,1.000,0.097,10-17-18-37,1
LNTH,1.078,1.020,66300,0.369,0.019,1-3-10-18-37,1
LOB,1.000,1.088,88800,0.143,0.056,34,1
LOCO,1.044,1.267,135714,0.199,0.209,3-7-39,1
LOXO,1.027,1.005,68768,0.330,0.023,26-41,1
LPLA,1.024,1.102,517479,0.146,0.092,2-7-8-19,1
MACK,1.030,0.893,89375,0.155,0.048,19,1
MB,1.002,1.159,115972,1.000,0.152,1-7-32,1
MBII,1.047,1.083,61750,0.260,0.030,3-4,1
MBUU,1.040,1.236,123571,0.703,0.100,37-38,1
MCEP,1.006,0.986,95850,0.306,0.029,10-37-38,1
MCFT,1.019,1.033,94107,0.353,0.108,37-38-39,1
MCOX,1.057,1.591,205499,0.029,0.137,1-32,1
MCRB,1.147,1.583,211770,0.196,0.120,2-8,1
MCUR,1.000,0.900,48150,0.331,0.058,1-3,1
MDWD,1.087,1.143,80000,0.246,0.143,1-3-31,1
MEMP,1.000,0.995,170100,0.560,0.116,18-37-38,1
MFRM,1.023,1.158,122222,0.168,0.139,6-17-32,1
MGNX,1.068,1.500,120000,0.208,0.121,8-56,1
MIK,1.008,1.000,472222,0.137,0.127,2-19,1
MKTO,1.021,1.538,121190,0.169,0.209,1-2,1
MMYT,1.107,1.571,110000,0.146,0.114,7,1
MOBI,1.167,0.750,43500,0.028,0.145,18,1
MOBL,1.100,1.111,111111,0.149,0.169,2-7-17-21,1
MOKO,1.061,1.100,9075,0.975,0.026,16-70,1
MOLG,1.036,0.860,145125,1.000,0.139,1-18-21-32,1
MOMO,1.087,1.056,228000,1.000,0.150,1-7-19-44,1
MRD,1.023,1.119,909928,0.222,0.117,17-18,1
MRKT,1.028,1.090,1398302,0.299,0.125,1-8-17-18,1
MRNS,1.020,1.000,45000,0.408,0.034,26-33,1
MTBC,1.000,1.000,20400,0.371,0.058,69-70-104,1
MTGE,1.015,0.950,152000,0.800,0.137,18-21-32-37,1
MTLS,1.000,1.000,96000,1.000,0.204,1-4,1
MTSI,1.099,1.005,114600,0.133,0.127,3-17-19,1
NCLH,1.016,1.321,590588,0.117,0.161,17-32,2
NCOM,1.067,1.079,35785,0.185,0.045,35,1
NDLS,1.178,1.778,171428,0.240,0.259,7-8-32,1
NDRM,1.000,0.945,42525,0.265,0.065,3-41,1
NEOS,1.015,1.215,87456,0.331,0.103,10-31-32,1
NERV,1.063,1.000,32727,0.298,0.077,3,1
NK,1.100,1.480,306656,0.105,0.135,3-4-8-18,1
NLNK,1.116,1.000,43400,0.301,0.024,11-26,1
NMIH,1.032,1.204,701349,0.900,0.002,,1
NRX,1.073,1.010,37572,0.350,0.019,69,1
NSTG,1.022,0.881,47574,0.370,0.000,7-19,1
NTEC,1.002,1.000,30150,0.497,0.005,13-14,1
NTRA,1.056,1.228,221000,0.206,0.189,4-7-41,1
NVET,1.039,0.912,36480,0.361,0.029,8-41,1
NVLS,1.057,1.179,90750,0.376,0.069,26-41,1
NXPI,1.069,0.929,442000,0.136,0.044,1-2-7,1
OCUL,1.005,1.000,65000,0.243,0.071,7-10-41,1
OLLI,1.014,1.417,202419,0.156,0.296,3-8-19,1
OMED,1.103,1.653,134880,0.177,0.082,3-56,1
ONCE,1.018,1.961,315700,0.298,0.177,1-19,1
ONTX,1.000,1.667,129166,0.251,0.043,18-56,1
OPGN,1.025,0.883,15105,0.266,0.013,13,1
OPHT,1.105,1.048,175256,0.252,0.121,7-19,1
ORPN,1.009,0.991,34880,0.225,0.085,12-14-69,1
OSN,1.056,1.000,22500,0.250,0.043,197-278,1
OTIC,1.007,1.133,113312,0.307,0.151,8-19,1
OXFD,1.114,1.167,75040,0.326,0.060,4-19,1
PACB,1.021,1.031,206250,0.249,0.062,7-19,1
PAHC,1.000,1.100,210298,0.731,0.091,7-8-17-54,1
PARN,1.025,0.925,46250,0.376,0.088,3-4,1
PBPB,1.144,2.047,214950,0.268,0.226,2-8,1
PCRX,1.036,1.000,42000,0.348,0.036,4-17,1
PCTY,1.000,1.824,218395,0.144,0.162,6-8-21,1
PEGI,1.008,1.095,385600,0.450,0.101,7-31-227,1
PETX,1.114,1.167,40250,0.290,0.003,26-80,1
PFMT,1.078,1.028,83250,0.199,0.098,2-7,1
PFPT,1.015,1.296,106650,0.213,0.098,1-21-42,1
PIH,1.062,1.000,15100,0.578,0.036,69,1
PINC,1.000,1.148,872710,1.000,0.113,8-19-37,1
PLAY,1.059,1.062,100000,0.150,0.160,3-4,1
PRAH,1.050,1.031,314918,0.296,0.077,3-18-32-116,1
PRMW,1.000,1.250,124999,0.438,0.083,26,1
PRQR,1.099,1.531,149250,0.338,0.070,21-56,1
PRSS,1.055,1.132,96750,0.265,0.169,3-19,1
PRTO,1.062,1.130,69043,0.407,0.006,26-33,1
PTCT,1.044,1.053,132277,0.354,0.081,1-19,1
PTLA,1.009,1.052,128447,0.249,0.070,1-7,1
PTXP,1.003,1.047,235687,0.562,0.102,10-17-18-87,1
PUB,1.044,1.087,39400,0.146,0.038,83,1
QIWI,1.019,1.000,212500,1.000,0.100,1-19,1
QLIK,1.083,1.200,134400,0.149,0.128,7-18-19,1
QLYS,1.042,1.000,90900,0.252,0.173,1-19,1
QUNR,1.234,1.890,314996,1.000,0.113,21-135,1
QURE,1.044,1.000,91800,0.307,0.135,3-56,1
RARE,1.048,2.181,263824,0.198,0.108,7-19,1
RCPT,1.011,1.071,78000,0.295,0.030,1-31-56,1
RDUS,1.051,1.004,52194,0.225,0.022,3-41,1
REGI,1.019,1.010,72720,1.000,0.062,4-32,1
REPH,1.049,1.066,31987,0.525,0.026,69,1
RESN,1.154,1.667,27000,0.416,0.003,134,1
RGLS,1.159,1.183,53212,0.330,0.002,31-41-80,1
RKDA,1.028,0.936,61418,0.190,0.029,1-4-19,1
RLYP,1.007,1.145,86241,0.239,0.048,7-8,1
RNET,1.000,1.000,60000,0.344,0.019,3-21,1
ROKA,1.004,1.000,60000,0.284,0.080,8-56,1
RP,1.021,1.182,159900,0.197,0.045,1-21,1
RPD,1.026,1.672,172537,0.171,0.280,7-17,1
RPXC,1.029,1.263,202330,0.183,0.172,2-17,1
RTRX,1.119,1.235,49411,0.204,0.005,3,1
RTTR,1.100,1.000,20000,0.514,0.046,69-70,1
RVNC,1.119,1.312,126000,0.338,0.101,4-41,1
RWLK,1.107,1.000,36000,0.264,0.275,3-17,1
SABR,1.023,1.049,658168,0.152,0.082,2-7-8-21,1
SAGE,1.111,1.500,135000,0.200,0.171,2-19,1
SALE,1.030,1.262,240909,0.206,0.104,1-2-7,1
SAMG,1.132,1.036,54613,1.000,0.003,34-38,1
SAVE,1.013,0.946,177060,0.217,0.069,7-18,2
SCAI,1.014,1.167,273777,0.256,0.145,18-19,1
SCTY,1.145,1.156,106375,0.157,0.042,1-2-8,1
SCYX,1.009,0.975,60450,0.733,0.034,10-11,1
SEDG,1.022,1.111,140000,0.184,0.171,2-21,1
SEMI,1.017,1.154,108000,0.306,0.074,2-21-37,1
SFBS,1.021,1.000,56875,0.076,0.038,34,1
SFM,1.114,1.944,647500,0.129,0.190,1-2,1
SFXE,1.030,1.000,260000,0.239,0.137,3-17-21-32,1
SGNL,1.080,0.925,7862,0.225,0.057,69,1
SGNT,1.036,1.141,104937,0.214,0.126,3-7-8,1
SIEN,1.020,1.175,88100,0.353,0.090,4-26,1
SKIS,1.021,1.000,90000,0.715,0.173,26-39-120,1
SKUL,1.017,1.150,217158,0.353,0.165,7-8,1
SKYS,1.030,1.032,45636,1.000,0.005,14-41-120,1
SMMT,1.035,1.012,34569,1.000,0.009,12-33,1
SMT,1.543,1.029,679525,0.876,0.062,7-21-227,1
SNC,1.000,1.002,368742,0.694,0.000,,1
SODA,1.030,1.238,134822,0.296,0.258,19-21,1
SPHS,1.010,0.980,63700,0.805,0.075,18-56,1
SPKE,1.021,1.000,54000,1.000,0.149,26-39,1
SPLK,1.000,1.882,432000,0.146,0.179,1-7-8-19,1
SPRO,1.029,0.946,72875,0.411,0.051,8-26-41,1
SPWH,1.009,1.000,118750,0.303,0.081,1-2,1
SQBK,1.021,1.111,115622,0.213,0.112,34-35,1
SQI,1.098,1.211,69000,0.295,0.075,26,1
SREV,1.026,1.365,162982,0.182,0.128,7-21,1
STCK,1.050,1.054,103320,0.269,0.110,2,1
STDY,1.010,0.948,37882,0.384,0.080,10-37,1
STML,1.091,1.100,36494,0.477,0.019,10-12-33-69,1
SUPN,1.078,1.300,65000,0.418,0.014,4-18,1
SYNC,1.108,1.150,39204,0.267,0.051,8-18-26,1
SYRX,1.000,1.000,19999,0.189,0.016,192-214,1
SZYM,1.063,1.111,219500,0.190,0.105,2-7,1
TANH,1.247,1.500,19200,0.148,0.001,60-114,1
TBK,1.002,1.015,81606,0.404,0.054,34-37-48,1
TCON,1.002,0.975,35100,0.298,0.000,26-37,1
TERP,1.019,1.330,667361,0.726,0.229,2-17-18,1
TFM,1.000,1.591,461125,0.275,0.254,2-8-19,1
TGEN,1.000,1.255,3860,0.041,0.001,200,1
THST,1.008,0.990,16038,1.000,0.006,91-94-147-240,1
TKAI,1.344,1.242,120722,0.297,0.052,6-26-31,1
TLMR,1.073,1.058,213888,0.222,0.107,19-35,1
TNDM,1.036,1.300,156000,0.374,0.119,4-8,1
TOUR,1.136,1.000,72000,1.000,0.066,1-7-44,1
TRIV,1.071,0.946,73775,0.336,0.054,1-19,1
TRNX,1.579,1.000,166250,0.228,0.098,8-19,1
TRUE,1.066,1.078,75417,0.109,0.096,2-10-19,1
TRVN,1.020,1.016,65767,0.359,0.049,3-17,1
TSC,1.018,1.087,71250,0.205,0.047,35-39-55,1
TSRO,1.000,1.037,84000,0.225,0.000,7-18-56,1
TTOO,1.003,1.450,82940,0.271,0.107,2-7,1
TTPH,1.042,1.029,77142,0.539,0.016,17-31,1
TUBE,1.056,1.286,56250,0.218,0.067,8-10-18,1
TWOU,1.002,1.000,119275,0.234,0.148,1-2,1
UBIC,1.039,1.033,9526,1.000,0.012,6-13-39-115,1
UBNT,1.060,1.100,116130,0.078,0.034,21-32-38,1
UPLD,1.000,0.917,42307,0.268,0.117,6-38,1
VA,1.059,1.174,360114,0.311,0.121,17-21,1
VBLT,1.018,1.003,40133,0.337,0.024,21,1
VBTX,1.000,1.077,37800,0.298,0.028,34-55,1
VCYT,1.012,1.000,65000,0.238,0.164,7-56,1
VGGL,1.000,0.956,33468,0.318,0.005,14-96,1
VIRT,1.029,1.211,380242,0.519,0.192,2-19-34,1
VKTX,1.115,1.062,25500,0.328,0.012,12-14-102,1
VNOM,1.053,1.212,157500,0.066,0.131,1-17-37,1
VRA,1.039,1.438,253000,0.272,0.134,4-39,1
VRNS,1.051,1.773,187200,0.201,0.262,3-7-10-17,1
VSAR,1.143,1.333,168000,0.258,0.146,7-18,1
VSTM,1.043,1.100,60500,0.272,0.021,32-56,1
VTAE,1.059,1.000,55000,0.396,0.032,26-31,1
VTL,1.020,1.021,55125,0.213,0.033,1-6-8,1
VTVT,1.000,0.933,109375,1.000,0.103,4-26,1
VWR,1.018,1.000,536172,0.200,0.097,2-8-19,1
WATT,1.136,1.583,38000,0.453,0.008,134,1
WHLR,1.000,1.190,25000,0.933,0.000,214-257-258,1
WIFI,1.052,0.926,72125,0.177,0.155,1-21,1
WING,1.049,1.605,176900,0.203,0.260,3-7-39,1
WIX,1.022,1.121,142450,0.210,0.223,8-10-19,1
WOWO,1.052,1.106,44240,1.000,0.010,58,1
WSTC,1.011,0.950,404225,0.255,0.090,2-7,1
XBIT,1.033,1.211,92000,0.126,0.017,91,1
XELB,1.000,1.011,16380,0.100,0.002,40,1
XENE,1.045,1.113,40080,0.295,0.013,3-37,1
XENT,1.034,1.200,66000,0.222,0.136,4-19,1
XGTI,1.071,1.002,7371,0.128,0.010,69-94,1
XLRN,1.082,1.233,103230,0.210,0.127,18-56,1
XNCR,1.066,1.082,75743,0.433,0.012,1-56,1
XNET,1.094,1.184,103946,1.000,0.123,18-19,1
XONE,1.052,1.314,125398,0.414,0.121,120,1
XOOM,1.045,1.312,132825,0.199,0.142,17-57,1
YDLE,1.062,1.350,101250,0.221,0.158,1-2-8,1
YECO,1.021,1.000,14062,0.190,0.055,16-58-59-60,1
YNDX,1.429,1.400,1826093,0.404,0.158,2-7-21,1
YY,1.094,1.000,81900,1.000,0.064,7-18-21,1
Z,1.000,3.000,207720,0.199,0.075,18,1
ZFGN,1.050,1.250,120000,0.275,0.071,41-56,1
ZGNX,1.070,1.250,70000,0.417,0.006,37-56,1
ZLTQ,1.045,1.105,100590,0.214,0.000,2-19,1
ZNGA,1.045,1.100,1100000,1.000,0.139,2-7,1
ZSAN,1.020,1.105,54720,0.381,0.022,14-43-96,1
ZSPH,1.023,1.512,161748,0.301,0.133,1-19,1
ZU,1.059,1.773,448500,1.000,0.152,2-8-18,1
AAC,1.005,1.333,100000,0.242,0.061,6-37-38,2
AAT,1.022,1.050,592075,0.785,0.050,7-8-37,2
ACRE,1.011,0.973,138600,0.834,0.080,8-18-19-37,2
ADPT,1.039,1.144,123284,0.523,0.162,2-21,2
AGRO,1.070,0.977,307142,0.247,0.102,1-7-22,2
AHH,1.005,1.006,191194,0.990,0.000,26-38-39,2
AJX,1.000,1.000,71250,0.334,0.078,49-117-120,2
AL,1.008,1.028,825212,0.323,0.114,1-19,2
ALLY,1.022,0.970,2303750,0.197,0.046,2-7-17-18-19,2
ALSN,1.007,1.000,600300,0.144,0.117,8-18-19,2
AM,1.009,1.220,1220000,0.527,0.148,17-18-37,2
AMBR,1.023,1.346,129352,0.298,0.106,26,2
AMC,1.027,1.066,353315,0.974,0.107,8-18,2
AMH,1.026,0.974,687794,0.248,0.071,2-8-19-37-120,2
AMID,1.016,1.000,78750,0.829,0.099,8-18,2
AMRC,1.063,1.025,89142,0.388,0.036,8,2
AMTG,1.005,0.950,190000,0.974,0.111,1-7-19,2
ANET,1.053,1.285,290062,0.083,0.218,7-18,2
ANFI,1.009,1.000,90000,0.252,0.181,21-32,2
APAM,1.031,1.173,389106,1.000,0.132,2-18,2
APO,1.016,0.984,556466,0.246,0.126,2-8-19,2
APTS,1.000,1.000,45000,0.893,0.006,40,2
AR,1.016,1.231,1934508,0.137,0.145,17-18-19,2
ARCO,1.025,1.235,1543167,0.567,0.116,7-8-18-19-22,2
ARCX,1.018,1.000,114000,0.987,0.071,17-18,2
ARES,1.012,0.955,206249,0.141,0.075,8-19,2
ARMK,1.025,1.012,734062,0.158,0.073,1-2-7-19,2
ARPI,1.000,1.000,287710,0.426,0.029,3-7-8-120,2
ASC,1.015,0.964,135000,0.554,0.074,3-7-47,2
ASPN,1.011,1.000,82500,0.326,0.036,17-18-19,2
ATEN,1.164,0.917,171875,0.212,0.120,7-8-19,2
ATHM,1.040,1.774,235851,1.000,0.187,21-135,2
ATTO,1.018,0.917,137500,0.136,0.097,1-7-22-142,2
AVAL,1.013,1.000,1100000,0.004,0.058,2-19,2
AVG,1.050,0.846,108240,0.147,0.155,2-7-19,2
AVOL,1.010,0.963,262499,0.168,0.085,7-18-19,2
AXON,1.132,1.395,439530,0.219,0.021,3-10-48,1
AXTA,1.000,1.074,1047000,0.218,0.090,2-18-19-21,2
BABA,1.618,1.363,29673835,1.000,0.150,1-2-7-18-19-21-135,2
BAH,1.060,1.015,241640,0.116,0.044,7-17,2
BCC,1.022,1.211,299294,0.284,0.220,2-8,2
BCEI,1.000,0.912,155000,0.253,0.171,1-7,2
BCRH,1.002,0.972,121562,0.714,0.181,17-21-32-35,2
BERY,1.011,0.953,448529,0.261,0.070,8-17-18-21-39-233,2
BFAM,1.022,1.261,280275,0.161,0.171,2-17-19,2
BITA,1.074,1.000,127200,0.257,0.114,18-32,2
BKFS,1.014,1.071,472500,0.276,0.200,8-19-37,2
BKU,1.000,1.093,855500,0.299,0.097,7-8,2
BLOX,1.036,1.406,168750,0.170,0.144,2-7,2
BNK,1.023,1.035,46315,0.165,0.026,35-38,2
BOOT,1.020,1.188,95000,0.201,0.262,3-4-19,2
BOX,1.086,1.443,252500,1.000,0.262,1-7-19,2
BRSS,1.060,1.068,82250,0.332,0.054,2-7,2
BRX,1.010,1.032,851812,0.185,0.079,8-18-19-37,2
BSM,1.016,1.008,430874,0.237,0.047,8-17-18,2
BURL,1.033,1.356,307333,0.186,0.256,7-8-19-37,2
CBPX,1.056,1.047,172474,0.267,0.055,1-18,2
CCG,1.011,1.000,354166,0.997,0.033,2-10-17-18-38,2
CCS,1.017,1.000,103040,0.209,0.124,19-21-120,2
CCSC,1.058,1.515,125000,0.050,0.151,1-8,2
CELP,1.006,1.000,75000,0.634,0.046,26-31-38-39,2
CFG,1.012,1.000,3010000,0.250,0.090,2-7,2
CHCT,1.007,1.000,118750,0.951,0.020,5-34-48,2
CHGG,1.023,0.880,165000,0.184,0.234,8-19,2
CHKR,1.000,1.000,380000,0.570,0.084,7-38,2
CHMI,1.014,0.925,120250,0.867,0.150,7-17-18-32,2
CIO,1.000,1.000,72500,0.724,0.029,12-27-40,2
CIVI,1.011,1.000,198900,0.317,0.082,3-8-17-32,2
CJES,1.033,1.034,345000,0.222,0.172,2-18-19,2
CMCM,1.042,1.089,183000,1.000,0.072,1-7-19,2
CMRE,1.010,1.000,159600,0.221,0.065,7-8,2
CNNX,1.023,1.295,498750,0.600,0.134,8-18-19-37-39,2
CNXC,1.032,1.000,75000,0.431,0.070,8-37,2
COR,1.014,1.000,270400,0.988,0.069,8-10-18,2
COTY,1.001,1.000,999999,0.791,0.170,7-8-19-228,2
COUP,1.133,1.697,285075,0.144,0.136,2-8-10-110,1
CPAC,1.000,1.000,230000,0.039,0.039,19,2
CPPL,1.009,1.217,1310719,1.000,0.147,8-17-18,2
CRCM,1.061,1.248,113473,0.180,0.169,7-8-19,2
CSLT,1.073,2.344,416250,1.000,0.131,2-7,2
CSTM,1.019,0.900,299999,0.218,0.050,2-19-21-95,2
CTLT,1.007,0.976,850000,0.362,0.070,7-19,2
CTT,1.014,1.000,142105,0.755,0.027,26-38-39,2
CVRR,1.017,1.010,606000,0.163,0.080,1-18,2
CVT,1.034,1.810,212800,0.145,0.204,2-7,2
CYNI,1.084,0.914,80400,0.180,0.121,2-19,2
DANG,1.061,1.531,416500,0.044,0.139,1-7,2
DATA,1.057,1.516,385400,1.000,0.151,2-7,2
DEA,1.012,1.083,195000,0.536,0.043,10-18-38,2
DKL,1.027,1.100,184880,0.667,0.068,8-17,2
DLNG,1.020,0.944,212500,0.834,0.121,1,2
DLPH,1.024,0.966,511675,0.073,0.092,2-19,2
DM,1.089,1.071,393750,0.547,0.137,17-18-19,2
DMD,1.064,1.382,209150,0.109,0.122,2-7,2
DOC,1.013,1.000,119999,0.977,0.013,12-27-33-40-46,2
DPLO,1.008,1.231,213333,0.264,0.134,1-7,2
DQ,1.063,1.051,79840,0.047,0.023,7,2
DRII,1.013,1.040,225680,0.211,0.049,1,2
DWRE,1.030,1.578,138875,0.196,0.166,2-21,2
EARN,1.012,0.950,122550,0.706,0.146,1-21,2
ECOM,1.080,1.257,101200,0.281,0.101,2-26,2
ECR,1.007,1.000,818100,0.189,0.097,2-7-18,2
ECT,1.012,1.000,176050,0.667,0.026,18-38,2
EFC,1.019,0.956,96750,0.273,0.141,21,2
EHIC,1.002,1.012,121400,1.000,0.000,19-21-135,2
ELLI,1.133,1.000,45000,0.368,0.075,17,2
EMES,1.003,0.994,126749,0.323,0.125,8-18-19-37,2
ENBL,1.006,1.075,537500,0.120,0.109,2-7-17,2
ENV,1.090,1.039,65450,0.227,0.037,7-17-32,2
EPAM,1.047,1.146,82500,0.146,0.098,17-18-32-245-246,2
EPE,1.005,0.995,700480,0.144,0.119,1-19,2
EQGP,1.048,1.185,736000,0.086,0.212,2-17,2
EQM,1.022,1.095,287500,0.721,0.133,17-18,2
EROS,1.027,1.009,55500,0.217,0.011,3-7-8-21-32,2
ESNT,1.005,1.294,433622,0.236,0.186,2-17-19,2
ESRT,1.025,1.004,933075,0.790,0.084,2-8,2
EURN,1.017,0.980,195120,0.110,0.045,7-18-19-21,2
EVA,1.060,1.000,200000,0.840,0.096,2-10-17-18,2
EVDY,1.017,1.036,103675,0.241,0.131,1-18-19,2
EVGN,1.065,1.051,77500,0.208,0.016,1-21,1
EVH,1.014,1.059,207000,0.289,0.172,2-19,2
EVHC,1.017,1.098,1060500,0.241,0.096,2-8-17-18,2
EVTC,1.007,1.093,552000,0.319,0.171,2-19,2
EXAM,1.045,1.047,172525,0.338,0.121,1-2-17,2
FCB,1.024,0.932,154160,0.224,0.136,8-19-21,2
FELP,1.010,1.000,350000,0.270,0.125,7-17-18,2
FENG,1.050,1.009,141719,0.044,0.044,7-21-54,2
FET,1.018,1.125,426315,0.224,0.109,19,2
FGL,1.000,1.118,185250,0.172,0.060,1-3-19,2
FI,1.028,1.239,817500,0.201,0.089,1-17-100,2
FIT,1.049,1.520,1111880,1.000,0.199,7-8-21,2
FLT,1.014,1.087,316875,0.161,0.109,2-19,2
FLTX,1.041,1.350,179296,0.227,0.132,8-17,2
FMSA,1.019,1.034,413750,0.156,0.087,7-17-37,2
FSB,1.009,1.000,55440,0.252,0.036,8,2
FSL,1.026,1.056,826500,0.181,0.099,18-21,2
FTAI,1.028,0.941,320000,0.272,0.076,8-17-18-21,2
FXCM,1.011,1.071,225900,1.000,0.074,1-18-19,2
GCAP,1.022,1.006,81450,0.289,0.063,7-21,2
GDDY,1.026,1.307,601450,0.372,0.150,7-18-19,2
GDOT,1.039,1.199,196679,0.674,0.162,7-19,2
GI,1.082,0.967,92075,0.259,0.173,8-19,2
GIMO,1.112,1.215,155790,0.229,0.279,1-2-8,2
GKOS,1.031,1.617,174660,0.198,0.177,2-8-19,2
GLOB,1.000,1.295,75757,0.175,0.057,1-18-19,2
GLOG,1.031,0.893,293750,0.374,0.055,2-18,2
GLOP,1.032,1.214,214200,0.855,0.108,1-18-37,2
GM,1.028,1.061,16730000,0.319,0.079,7-8-18-19,2
GMED,1.060,1.092,109166,0.133,0.014,2-4-8,2
GNC,1.005,1.038,373500,0.257,0.091,2-19,2
GNRT,1.035,0.911,191250,0.188,0.104,3-18-32-48,2
GPRK,1.001,0.963,90990,0.235,0.020,19-22-144-218,2
GRAM,1.021,1.010,417069,0.030,0.049,1-7-19-144,2
GRUB,1.020,1.538,296224,0.094,0.153,7-18,2
GWB,1.003,1.000,288000,0.276,0.062,8-21,2
GWRE,1.040,1.288,148237,0.181,0.158,18-19-21,2
GZT,1.011,0.972,78750,0.055,0.100,18-21,2
HASI,1.025,0.928,154666,0.881,0.040,8-32-37,2
HCA,1.010,1.040,3937440,0.245,0.093,8-18-19,2
HCC,1.039,0.921,291666,0.312,0.125,1-7-18,2
HCLP,1.058,1.000,191250,0.825,0.095,7-17,2
HIFR,1.003,1.158,532800,0.454,0.000,8-18,2
HIVE,1.104,0.895,67125,0.172,0.167,2-8,2
HLT,1.100,1.065,2505745,0.119,0.086,2-7-8-21,2
HMLP,1.011,1.100,211200,0.730,0.149,7-8-18,2
HRTG,1.029,1.050,69300,0.208,0.026,18-34,2
HUBS,1.001,1.318,164750,0.165,0.215,7-19-32,2
I,1.042,0.944,328502,0.184,0.057,2-7-8-19,2
IBP,1.032,1.118,91635,0.253,0.130,21-32,2
ICD,1.015,1.000,110000,0.438,0.065,7-10-17-87,2
ICL,1.020,1.014,427122,0.047,0.060,7-17,2
IFT,1.014,1.000,179166,0.822,0.060,120,2
IL,1.004,1.000,143000,0.223,0.063,1-7-21,2
IMPR,1.029,1.133,85000,0.219,0.158,4-19,2
IMPV,1.022,1.278,115000,0.226,0.121,19-21,1
IMS,1.026,1.109,1441700,0.196,0.073,2-7-19,2
INN,1.005,1.015,257400,0.953,0.048,10-21-39,2
INVN,1.029,1.107,83000,0.126,0.087,2-7,2
INXN,1.068,1.115,295441,0.314,0.123,8-17-18,2
IPHI,1.057,1.250,102000,0.283,0.097,3-7-21,2
JCAP,1.020,1.002,100250,0.951,0.012,38-39-40,2
JGW,1.002,0.955,130357,0.999,0.090,1-17,2
JMEI,1.038,1.239,303565,1.000,0.121,1-19-135,2
JMI,1.003,0.988,143187,0.967,0.169,1-17-18-21,2
JONE,1.015,0.936,175500,1.000,0.075,17-19-37,2
JP,1.066,1.041,55173,1.000,0.055,1-44,2
JPEP,1.010,1.025,281875,0.755,0.088,8-17-21,2
KING,1.098,0.911,455100,0.070,0.228,1-8-19,2
KMI,1.009,1.057,3026291,1.000,0.073,2-17,2
KNOP,1.000,1.095,171350,0.870,0.101,8-17-18,2
KORS,1.009,1.250,1180000,0.247,0.175,2-7-19,2
KOS,1.010,1.083,643500,0.088,0.055,1-17-18,2
LADR,1.012,0.971,218625,0.273,0.082,8-18-19-21-37,2
LC,1.028,1.650,1428075,0.160,0.100,2-7,2
LEJU,1.014,1.080,108000,1.000,0.070,1-19-54,2
LITB,1.120,1.175,92628,1.000,0.087,1-26,2
LNKD,1.120,1.844,650720,1.000,0.287,7-8-19,2
LOCK,1.054,0.931,131566,0.182,0.148,2-8-21,2
LPG,1.008,1.000,134999,0.125,0.052,19-32,2
LPI,1.032,1.015,301875,0.140,0.073,19,2
LQ,1.005,0.985,640687,0.309,0.102,7-19,2
LRE,1.011,1.000,178752,0.601,0.052,37,2
LXFR,1.063,1.100,88000,1.000,0.033,1-3,2
LXFT,1.007,1.224,85115,0.792,0.000,1-19-32,2
MANU,1.011,1.004,234166,0.420,0.139,1-3-19,2
MBLY,1.077,1.440,1281204,0.168,0.135,2-7,2
MC,1.008,1.080,175500,0.455,0.095,2-7,2
MCRN,1.009,0.975,278571,0.215,0.080,8-17-19,2
MDLY,1.026,0.944,101939,1.000,0.079,1-2,2
MEP,1.016,0.944,314500,0.818,0.083,8-17-18,2
MITT,1.005,0.975,107250,0.595,0.074,10-21-26,2
MIXT,1.012,1.250,125921,1.000,0.074,6-38,2
MM,1.116,1.923,255000,0.136,0.201,2-7-17,2
MMI,1.026,1.117,80400,0.168,0.052,2-18,2
MN,1.019,1.000,150000,1.000,0.063,8,2
MODN,1.043,1.310,136822,0.314,0.238,19-21,2
MPG,1.016,1.017,152500,0.149,0.059,2-8-21,2
MPLX,1.029,1.159,441150,0.468,0.123,7-8-32,2
MPO,1.045,1.019,318000,0.366,0.039,2-7-37,2
MRC,1.018,0.976,465909,0.224,0.069,2-17,2
MRIN,1.050,1.357,142500,0.243,0.124,2-21,2
MTDR,1.000,0.979,156666,0.244,0.065,10-18,2
MX,1.036,1.000,133000,0.241,0.037,2-17-21,2
MXPT,1.022,0.957,71500,0.254,0.130,2-21-42,2
MYCC,1.012,1.089,274500,0.282,0.085,2-3-18,2
NADL,1.035,0.919,114864,0.056,0.068,2-7-17,2
NAO,1.071,0.875,82352,0.261,0.080,1-7-19-65-67,2
NAP,1.023,0.880,106920,0.867,0.116,1-8-18-19,2
NBHC,1.000,1.052,144787,0.155,0.061,2-35,2
NDRO,1.005,0.989,287100,0.400,0.137,2-10-17-18-37,2
NEFF,1.070,0.983,154523,1.000,0.128,3-4-7,2
NEP,1.020,1.302,528937,1.000,0.100,2-7-8,2
NEWR,1.083,1.311,150800,0.109,0.194,7-19,2
NGL,1.012,1.000,73500,0.411,0.075,10-37,2
NGVC,1.043,1.200,128571,0.328,0.158,4-5,2
NLSN,1.009,1.076,1767857,0.205,0.089,7-19,2
NMBL,1.013,1.481,248800,0.114,0.209,2-7,2
NOAH,1.029,1.250,126000,0.307,0.129,8-19,2
NORD,1.021,1.094,332500,0.200,0.122,1-2-19,2
NOW,1.006,1.319,276687,0.097,0.131,7-18-21,2
NPTN,1.032,1.273,105000,0.319,0.118,8-21,2
NSA,1.023,1.000,260000,0.475,0.095,3-7-37,2
NSLP,1.002,1.000,80000,0.777,0.065,26-39,2
NSM,1.024,0.969,226166,0.192,0.074,1-8-18-37,2
NTI,1.049,0.976,221975,0.221,0.090,2-8-17,2
NVGS,1.035,1.074,244799,0.217,0.096,3-7,2
NVRO,1.062,1.300,163800,0.297,0.134,7-19,2
NVTA,1.019,1.094,111125,0.206,0.210,19,2
NWHM,1.022,1.045,89843,0.475,0.050,1-18-19,2
NYLD,1.006,1.216,523631,1.000,0.188,2-8-18,2
OAK,1.012,0.953,362563,0.289,0.094,2-7,2
OAKS,1.017,0.967,58483,0.546,0.113,1-17-32-35,2
OCIP,1.020,0.958,301875,0.217,0.153,8-17-18,2
OCIR,1.026,0.961,91250,0.511,0.151,2-18,2
OEC,1.032,0.989,347100,0.327,0.119,2-7,2
OMAM,1.000,1.000,308000,0.183,0.056,1-7-8-18,2
ONDK,1.042,1.325,265000,0.151,0.191,3-7-8-19-21,2
OOMA,1.028,0.931,60500,0.295,0.067,1-8,2
OPWR,1.040,1.316,152500,0.129,0.116,2-7,2
ORC,1.010,0.973,34456,0.706,0.029,12-96,2
P,1.300,1.250,293680,0.092,0.139,7-18-19,2
PACD,1.005,1.000,49500,0.028,0.022,7-21,2
PAGP,1.012,1.034,2912000,1.000,0.046,2-17-19,2
PANW,1.125,1.313,341930,0.093,0.141,2-7-18,2
PAYC,1.001,1.193,118945,0.131,0.049,17-19,2
PBF,1.006,1.077,574000,1.000,0.082,7-18,2
PBFX,1.011,1.217,385000,0.866,0.115,17-32,2
PE,1.008,1.205,1115000,0.584,0.062,1-2,2
PF,1.017,1.113,645540,0.257,0.128,8-17,2
PFSI,1.028,1.014,202777,1.000,0.065,1-2-8-18,2
PGEM,1.050,1.064,352894,0.244,0.119,1-2-19,2
PGND,1.027,1.107,246263,0.170,0.171,2-6-17,2
PGRE,1.001,1.057,2422190,0.681,0.073,7-8-37,2
PN,1.006,0.964,112178,0.315,0.059,5-31-32,2
PRLB,1.103,1.563,107543,0.185,0.000,3-4,2
PRTY,1.017,1.206,448437,0.189,0.211,2-8,2
PSXP,1.018,1.260,475996,0.466,0.205,7-19,2
Q,1.006,1.094,1036421,0.184,0.136,7-17-19,2
QEPM,1.015,1.108,465400,0.749,0.151,7-37,2
QIHU,1.237,1.862,326991,0.070,0.164,18-32,2
QTS,1.018,1.067,274400,0.454,0.068,2-3,2
QTWO,1.031,1.250,126114,0.243,0.204,19-26,2
RATE,1.021,0.933,280000,0.200,0.037,2-8,2
RCAP,1.002,0.988,49375,1.000,0.035,33-96-168,2
RENN,1.231,1.393,1035450,0.045,0.143,7-8-21,2
REXR,1.003,1.054,236000,0.634,0.048,8-19-37-120,2
RH,1.034,1.335,165516,0.140,0.174,2-8,2
RICE,1.027,1.043,963599,0.345,0.077,2-17-18,2
RIGP,1.100,1.000,385000,0.423,0.190,7-17,2
RKUS,1.000,1.000,126000,0.114,0.184,2-7,2
RLD,1.010,1.222,244375,0.262,0.181,4-19,2
RLGY,1.034,1.217,1314000,0.307,0.135,2-17-19,2
RLJ,1.011,0.958,474375,0.267,0.058,8-17-37,2
RM,1.019,1.133,71400,0.341,0.073,3-55,2
RMAX,1.024,1.193,262500,0.989,0.167,7-8-19,2
RMP,1.035,0.957,394750,0.869,0.078,17-18-37,2
RNDY,1.048,0.988,161127,0.428,0.100,1-3-19-39,2
RNF,1.010,1.000,300000,0.392,0.102,7,2
RNG,1.068,1.327,129375,1.000,0.125,2-8-19,2
ROYT,1.018,1.000,370000,0.479,0.079,8-17-18-19-32-37,2
RPAI,1.008,1.097,279204,0.396,0.039,9-18-19-21,2
RRMS,1.020,1.025,143500,0.834,0.119,17-18-21,2
RSPP,1.016,1.051,410000,0.276,0.071,17-19,2
RUBI,1.040,1.167,118492,0.195,0.170,2-7-10,2
RXN,1.019,1.058,451184,0.262,0.094,1-2-8-21,2
RYI,1.014,0.941,113850,0.343,0.080,8-19-21-31,2
SALT,1.026,1.000,305175,0.236,0.020,21,2
SBY,1.006,1.011,247775,0.355,0.072,1-8-19,2
SC,1.029,1.073,1931030,0.216,0.067,18-19,2
SDLP,1.029,1.091,210000,0.353,0.128,7-18-37,2
SDR,1.005,1.038,566800,0.523,0.059,7-8-38,2
SE,1.046,1.083,958100,1.000,0.118,1-7-135,2
SEAS,1.020,1.132,794560,0.280,0.193,2-19,2
SERV,1.010,1.026,626455,0.281,0.100,1-2-7-19,2
SFS,1.024,1.092,176195,0.189,0.091,1-7-21,2
SFUN,1.035,1.576,196526,0.060,0.125,21-135,2
SGM,1.062,1.074,121978,0.287,0.046,1-8-17-120,2
SHAK,1.019,2.287,240150,0.442,0.000,7-19,2
SHLX,1.015,1.391,1280000,0.593,0.179,17-18,2
SHOP,1.026,1.647,215600,1.000,0.178,1-7-10,2
SIR,1.011,1.012,174000,0.267,0.054,7-8-37,1
SLCA,1.011,1.015,202941,0.222,0.077,3-7-8,2
SMLP,1.016,1.050,262500,0.512,0.040,8-17,2
SN,1.020,0.909,200000,0.303,0.019,54-182,2
SNOW,1.023,0.926,173593,0.347,0.079,1-2-8-21,2
SQNS,1.039,0.900,69300,0.223,0.171,3-32,2
SRC,1.007,1.000,435000,0.360,0.094,7,2
SRLP,1.008,0.972,148750,0.844,0.108,8-17-19,2
SSNI,1.022,1.294,104500,0.105,0.120,1-2-7,2
SSTK,1.018,1.324,101250,0.137,0.183,3-7-21,2
STAY,1.011,1.137,642687,0.141,0.104,2-19-21,2
STOR,1.005,1.062,540375,0.248,0.079,1-2-7,2
SUM,1.004,1.120,447999,0.956,0.163,2-18,2
SWFT,1.008,1.000,806300,0.549,0.092,7-8-37,2
SXC,1.015,1.062,197200,0.166,0.206,1-2-8,2
SXCP,1.015,1.000,256500,0.859,0.220,8-17-18,2
SXE,1.040,1.100,198000,0.737,0.154,18-37,2
SYF,1.043,1.000,2875000,0.151,0.070,2-7-18-19,2
TAOM,1.296,0.943,61021,0.010,0.054,1-21,2
TCPI,1.009,1.000,78571,0.258,0.142,4-21,2
TCS,1.035,1.944,437500,0.271,0.251,1-17-19,2
TDOC,1.028,1.574,246675,0.223,0.171,19-21,2
TEGP,1.018,1.066,1282350,1.000,0.166,2-18,2
TEP,1.026,1.023,287100,0.537,0.095,8-17-18-21,2
TEU,1.000,1.000,132000,0.683,0.084,7-32,2
THR,1.016,1.004,120500,0.346,0.036,3-17,2
TLLP,1.006,1.107,302250,0.852,0.120,1-8-18-37,2
TLYS,1.026,1.213,150400,1.000,0.158,2-4-8,2
TMHC,1.018,1.061,667156,1.000,0.130,1-18,2
TNET,1.050,1.156,277500,0.220,0.209,7-19-21,2
TOWR,1.014,1.042,84687,0.334,0.042,2-18-19,2
TPH,1.009,1.151,267756,0.433,0.141,18-21-120,2
TPRE,1.028,0.980,270152,0.219,0.086,1-7-19,2
TRGP,1.012,1.095,394637,0.387,0.082,7-8-17,2
TRMR,1.008,1.100,82500,0.152,0.099,1-3,2
TRU,1.015,1.094,727409,0.166,0.154,2-8-19-21,2
TRUP,1.018,1.125,80156,0.268,0.027,10-17-26,1
TSE,1.005,1.087,206500,0.212,0.111,2-7-18-21,2
TSQ,1.000,0.976,89499,0.951,0.097,3-8-10,2
TUMI,1.035,1.444,488276,0.277,0.158,1-2-19,2
TVPT,1.001,1.106,530700,0.250,0.092,1-7-21-32,2
TWTR,1.083,1.735,3157000,0.129,0.169,2-7-19,2
TXTR,1.049,1.600,120000,0.228,0.150,1-6,2
UAN,1.007,1.129,346752,0.263,0.000,2-7-17,2
UCP,1.028,0.983,114312,1.000,0.155,18-21-195,2
UNVR,1.012,1.095,843500,0.254,0.135,2-8-21,2
USAC,1.014,0.972,192500,0.731,0.123,2-17-19-37,2
USDP,1.027,0.929,144096,0.893,0.097,1-8-17-18,2
VCRA,1.020,1.500,140400,0.269,0.217,4-19,2
VEEV,1.043,1.900,495710,1.000,0.158,7-21,2
VIPS,1.038,0.923,66027,0.109,0.106,21-135,2
VJET,1.350,1.538,130000,1.000,0.076,4-18,2
VLP,1.012,1.228,423750,0.521,0.211,17-19,2
VMEM,1.064,0.833,135000,0.220,0.187,8-19-21,2
VNCE,1.033,1.475,295000,0.276,0.252,2-39,2
VOC,1.011,1.060,246752,0.652,0.073,7-38,2
VOYA,1.048,0.987,1254951,0.250,0.060,2-7-18,2
VSLR,1.100,1.063,350406,0.196,0.181,1-2-8,2
VTTI,1.083,1.000,367500,0.870,0.122,18-19,2
W,1.028,1.241,396000,1.000,0.195,2-8-18,2
WAGE,1.016,1.110,64935,0.253,0.111,1-6-26,2
WAIR,1.003,0.983,309750,0.245,0.074,7-17,2
WBAI,1.093,1.538,115720,1.000,0.150,21,2
WCIC,1.012,1.017,103991,0.265,0.052,1-18-19,2
WD,1.013,1.000,100000,0.457,0.067,1-7-35,2
WDAY,1.025,1.716,1093137,1.000,0.093,2-7,1
WGP,1.030,1.235,466979,0.080,0.146,17-18,2
WHZ,1.064,1.050,336000,0.870,0.020,7-38,2
WK,1.053,1.000,100800,0.266,0.140,1-7,2
WLH,1.072,1.045,227244,0.323,0.137,1-18,2
WLKP,1.012,1.262,340650,0.887,0.130,17-32,2
WMC,1.005,0.940,150400,0.774,0.166,3-18-19-21,2
WMS,1.012,1.003,232725,0.275,0.063,17-21,2
WNRL,1.031,1.091,330000,0.603,0.123,8-17,2
WPT,1.010,0.975,170625,0.531,0.074,8,2
WSR,1.000,1.000,26400,1.000,0.030,40-96,2
WUBA,1.171,1.247,233200,1.000,0.149,1-7-18,2
WWAV,1.009,1.118,437000,1.000,0.104,1-8-19,2
XON,1.064,1.319,210999,0.105,0.102,17-19,2
XRS,1.068,1.400,168000,0.081,0.086,1-7,2
XTLY,1.061,1.000,56300,0.254,0.085,19-21,2
XUE,1.030,1.505,192049,0.100,0.084,135,2
YELP,1.181,1.467,157371,1.000,0.166,2-18,2
YOKU,1.111,2.109,427887,0.009,0.098,135,2
ZAYO,1.046,1.132,452842,0.088,0.070,2-7-17,2
ZEN,1.046,1.267,126666,0.158,0.074,1-2-7,2
ZFC,1.005,0.965,115825,0.709,0.236,1-17-18-21,2
ZOES,1.010,1.832,149624,0.317,0.189,3-4-6-39,2
ZPIN,1.084,1.075,81401,1.000,0.090,1-32,2
ZTS,1.008,1.212,2712150,1.000,0.159,7-8-19,2
ZX,1.033,1.000,77400,0.062,0.073,7,2
ARWAU,1.003,1.001,72072,0.762,0.013,99,1
AUMAU,1.016,0.966,231840,0.800,0.031,18,1
BHACU,1.000,1.000,40000,0.755,0.025,99,1
CADTU,1.000,1.000,60000,0.767,0.034,69-99,1
CAMBU,1.004,1.000,70000,0.763,0.065,99,1
CNLMU,1.009,1.001,40040,0.757,0.037,99,1
GGACU,1.002,1.003,125374,0.772,0.035,99,1
HDRAU,1.007,0.978,78240,0.800,0.053,32,1
HRMNU,1.004,1.000,100000,0.759,0.048,30,1
QPACU,1.001,1.000,350000,0.800,0.058,21-30,1
ROIQU,1.002,1.000,125000,0.800,0.030,21,1
SMACU,1.007,1.000,40000,0.768,0.120,30,1
TFSCU,1.001,1.000,40000,0.772,0.062,99,1
TRTLU,1.004,1.000,185000,0.800,0.037,21,1
WLRHU,1.006,1.008,438480,0.800,0.016,8-21,1
FCAU,1.016,1.018,974399,0.068,0.003,2-17-19-32,2
RUN,1.019,0.933,233774,0.185,0.119,1-2-7,1
ZYNE,1.231,1.286,54000,0.343,0.041,3-4,1
XCOM,1.048,1.000,25000,0.292,0.040,31-41-57,1
MRUS,1.038,0.975,53625,0.357,0.035,3-18-92,1
AXSM,1.049,1.000,51000,0.296,0.012,96,1
HLI,1.006,1.083,238875,0.999,0.051,2-8,2
ATKR,1.041,0.984,189000,0.192,0.067,1-19-21,2
SRTSU,1.101,1.049,11540,0.158,0.010,16-94-294-295,1
KTOV,1.045,0.791,10298,0.830,0.013,253-294,1
AGLE,1.072,1.000,50000,0.387,0.044,31-32-37-41,1
NVCR,1.016,0.916,151200,0.091,0.075,19-21-48,1
CFCOU,1.006,1.004,602400,0.800,0.026,1-8-18,1
ARA,1.013,1.205,198750,0.252,0.163,2-8-17,2
PFNX,1.000,1.000,49999,0.433,0.018,6-33,3
RACE,1.016,1.154,1030500,0.091,0.140,8-32,2
MTCH,1.015,1.131,452333,1.000,0.000,8-19-110,1
SENS,1.088,1.000,45030,0.173,0.007,11-56,3
GBT,1.183,1.732,207900,0.216,0.213,2-7,1
SRAQU,1.006,1.000,450000,0.800,0.027,2-18-21,1
KURA,1.031,1.000,50000,0.301,0.011,18-56,1
CRVS,1.026,1.000,70500,0.230,0.064,1-41,1
SBPH,1.032,0.940,10377,0.130,0.024,6-43-113,1
DLTH,1.107,1.083,86666,0.239,0.045,6-31-38-39,1
PAACU,1.003,1.002,50100,0.743,0.041,99,1
ELMD,1.074,1.012,6885,0.216,0.014,94,3
PTI,1.000,1.000,50000,0.374,0.053,10-56,1
RGNX,1.058,1.375,190638,0.249,0.174,4-7-8,1
BRG,1.001,1.000,50000,0.767,0.023,40,3
PSTG,1.011,0.985,418499,1.000,0.126,2-7-17-110,2
SGRY,1.059,0.924,250701,0.297,0.125,2-3-8,1
PAVMU,1.000,2.000,10600,0.079,0.000,93-115-301,1
EDGE,1.034,1.055,84855,0.266,0.043,1-56,1
TPB,1.030,1.000,54000,0.338,0.054,41-120,2
CNFR,1.067,0.929,30225,0.416,0.017,31-38,1
FORK,1.023,1.030,20600,0.255,0.021,45-90,1
MIME,1.090,1.100,85250,0.144,0.177,2-3-10-17,1
PLNT,1.034,0.906,195750,0.383,0.233,1-3-8-19,2
FDC,1.001,1.024,2622400,1.000,0.041,7-8-18-116,2
EQBK,1.000,1.078,47045,0.283,0.031,35-55,1
VYGR,1.051,1.079,75500,0.192,0.018,4-41,1
MIRN,1.102,1.036,45312,0.312,0.032,18-56,1
IOTS,1.086,1.120,28000,0.338,0.009,12-57,1
GWRS,1.000,1.301,9469,0.060,0.005,14,1
PMTS,1.173,1.100,165000,0.266,0.065,2-31-108,1
MSBI,1.005,1.003,80270,0.245,0.057,34-35,1
PEN,1.022,1.333,160000,0.133,0.190,8-19,2
COE,1.069,1.026,46800,0.122,0.056,1-7,2
INST,1.009,1.000,70400,0.166,0.113,2-7,2
IRT,1.031,0.941,32000,0.415,0.035,6-33-96-206,2
MESO,1.120,0.938,56097,0.965,0.057,1-19,1
ACRS,1.003,1.085,59700,0.258,0.022,3-18,1
EDIT,1.028,1.125,106200,0.165,0.096,7-19,1
SUPV,1.013,1.045,293250,0.370,0.044,7-8,2
WVE,1.021,1.066,108693,0.305,0.025,3-56,1
NH,1.184,1.151,104715,0.054,0.019,3-41,1
RRR,1.035,0.949,504125,0.699,0.089,2-8-19-21,1
GMS,1.022,1.071,157500,0.175,0.152,1-17,2
BNTC,1.000,0.977,13500,0.888,0.003,13-31,1
CLACU,1.001,1.000,300000,0.800,0.027,18-21,1
RETA,1.083,1.005,60830,0.807,0.051,4-18-41,1
HCM,1.033,1.000,101250,1.000,0.039,8-21,1
ABTX,1.009,1.074,58630,0.209,0.060,39-55,1
BGNE,1.018,1.207,191202,1.000,0.091,2-7-41,1
SDPI,1.087,1.000,27000,0.415,0.019,14,3
YIN,1.014,1.022,103500,1.000,0.024,3,1
CLSD,1.056,1.143,57600,0.367,0.019,10-26-41,1
SQ,1.106,1.244,302400,1.000,0.140,2-7-19,2
FNTCU,1.001,1.000,100000,0.728,0.036,30,1
PFGC,1.047,1.000,275500,0.146,0.069,1-17,2
MGP,1.006,1.083,1137500,1.000,0.080,7-8-19-48,2
AIMT,1.241,1.094,175000,0.246,0.126,1-4-8,1
AFCO,1.027,0.875,42000,0.355,0.263,10-18-21-38-120,3
MBRX,1.056,1.498,13844,0.108,0.003,45-307,1
MDGN,1.004,1.000,11168,0.262,0.000,13-14,3
USFD,1.005,1.054,1077777,0.208,0.119,2-7-19-116,2
NBRV,1.036,1.111,102510,1.000,0.019,10-56,1
TEAM,1.014,1.318,608740,0.416,0.106,2-7,1
SCWX,1.030,0.992,111120,0.750,0.175,2-7-8-19,1
COTV,1.026,1.000,237500,0.139,0.176,2-19,2
NTLA,1.020,1.222,132000,0.171,0.133,1-3-56,1
CTMX,1.064,1.333,106666,0.191,0.006,3-8-41,1
CQH,1.005,0.980,705600,0.155,0.069,1-2-7-10,3
OASM,1.062,0.985,9356,1.000,0.010,69-96-253-294,1
SITE,1.029,1.221,256400,0.253,0.162,2-21-32,2
GRSHU,1.002,1.003,351050,0.800,0.016,21,1
UFAB,1.002,1.316,29375,0.259,0.010,14-309,3
KLREU,1.007,1.000,80000,0.800,0.024,99,1
PACEU,1.005,1.010,404000,0.800,0.043,18-21,1
ACIA,1.098,1.261,130500,0.126,0.173,2-8-21,1
ECACU,1.000,1.005,40200,0.753,0.087,30,1
MYOK,1.003,1.108,60247,0.207,0.052,1-41,1
SNDX,1.049,1.009,53284,0.253,0.046,7-18,1
VIVE,1.000,1.000,13500,0.265,0.011,96-103,1
SBBP,1.100,1.300,32500,0.118,0.004,8-26,1
AVXS,1.027,0.901,85595,0.212,0.048,2-3,1
FPI,1.001,0.982,52250,0.947,0.053,27-31-39,2
DMTX,1.012,0.969,69300,0.221,0.053,2-18,1
CCRC,1.189,1.097,10536,0.131,0.001,60-114,1
MPSX,1.058,0.992,212850,0.213,0.071,8-17,2
PLSE,1.065,1.032,20650,0.398,0.029,94-134,1
YRD,1.039,1.000,75000,1.000,0.058,1-7-44,2
LCAHU,1.001,1.000,250000,0.800,0.137,3-21,1
ONSIU,1.025,0.853,29866,0.256,0.073,3-17,1
ACIU,1.108,1.283,84660,0.108,0.078,1-3-56,1
AIRG,1.046,1.000,12000,0.207,0.092,16-40,1
AMMA,1.096,1.109,16633,0.333,0.008,45,1
APTI,1.051,1.462,140400,1.000,0.182,2-8-19,1
ATMR,1.070,1.084,26016,0.283,0.007,15,1
AZRX,1.012,0.920,4857,0.100,0.010,45-310,1
BOLD,1.000,1.267,95000,0.238,0.043,4-8-41,1
CPAAU,1.003,1.005,376875,0.800,0.013,2-21,1
CSTR,1.024,1.104,42807,0.239,0.027,34-35,1
EVBG,1.016,1.025,92250,0.279,0.116,1-8,1
FHB,1.007,1.052,510304,0.151,0.119,2-8-95,1
FLGT,1.183,1.023,38682,0.246,0.081,1-4,1
GEMP,1.005,0.925,27750,0.356,0.073,3-10-41,1
GSUM,1.072,1.173,102175,1.000,0.147,18-135,1
KNSL,1.038,1.125,118800,0.315,0.149,6-19,1
LTEA,1.000,1.136,11363,0.234,0.000,45-311,1
MACQU,1.001,1.000,50000,0.752,0.032,13-70,1
MEDP,1.012,1.224,197050,0.177,0.140,1-3,1
MIIIU,1.000,1.000,150000,0.781,0.134,30,1
MRAM,1.098,1.137,45500,0.400,0.034,26-57,1
NOVN,1.115,1.309,59040,0.268,0.009,4,1
NTNX,1.120,1.656,394055,1.000,0.172,2-7-19,1
OBLN,1.044,1.014,76050,0.313,0.067,11-26-32,1
PI,1.024,1.286,86400,0.270,0.170,4-10-42,1
PTGX,1.000,1.000,90000,0.459,0.040,17-31-56,1
SCACU,1.001,1.006,236410,0.800,0.026,2-21,1
SELB,1.088,1.071,75000,0.279,0.029,26-32,1
STLRU,1.000,1.000,65000,0.766,0.027,13-70,1
SYRS,1.110,1.200,60000,0.176,0.016,4-41,1
TCMD,1.059,1.035,41400,0.240,0.023,4-6-11,1
TLND,1.012,1.537,145215,1.000,0.166,2-17-18-19,1
TPIC,1.088,1.037,71312,0.191,0.076,7-19,1
TRHC,1.100,1.225,63210,0.276,0.107,32-37,1
TTD,1.025,1.597,134166,1.000,0.130,3-10-18,1
TUSK,1.046,0.911,105865,0.207,0.122,1-17-312,1
TYHT,1.874,3.944,30409,0.081,0.001,45-307-313,1
XOG,1.000,1.197,758333,0.235,0.095,1-2-17-18,1
ADSW,1.000,1.139,394625,0.230,0.122,1-17-21,2
APFH,1.010,1.119,437100,0.237,0.123,1-7-17,2
AZRE,1.017,0.896,54954,0.132,0.175,1-17,2
CWH,1.025,1.080,269886,0.617,0.148,2-19,2
ELF,1.072,1.412,199999,0.188,0.174,7-19,2
FBK,1.006,1.113,124411,0.255,0.127,19-32-35,2
GMRE,1.004,1.000,130434,0.833,0.036,12-40,2
HOME,1.014,1.083,140838,0.146,0.179,2-8,2
KDMN,1.016,0.963,72187,0.139,0.170,3-18,2
LN,1.059,1.279,1470000,0.167,0.104,7-49,2
MRT,1.017,0.958,229141,0.659,0.062,9-18-19-120,2
NBLX,1.025,1.178,331250,0.786,0.158,17-19-39,2
NTB,1.006,1.068,267021,0.200,0.106,2,2
PTHN,1.000,1.190,744047,0.212,0.146,3-7-19-32,2
TWLO,1.063,1.599,239899,1.000,0.179,2-19,2
VVV,1.017,1.095,723000,0.150,0.169,7-8-18,2
WAAS,1.048,1.167,136500,0.256,0.100,10-18-21,2
ZTO,1.000,0.944,1326640,1.000,0.138,7-135,2
BL,1.040,1.442,210872,0.174,0.144,2-19,1
CRSP,1.088,1.071,60000,0.102,0.047,4-17-18,1
FRTA,1.014,0.923,305956,0.289,0.093,1-2-18,1
GDS,1.018,1.000,192500,1.000,0.083,1-19,1
GTYHU,1.008,1.004,481919,0.800,0.014,18,1
IRTC,1.047,1.574,168367,0.298,0.139,7-19,1
QTNA,1.030,1.050,112560,0.204,0.171,7-17-21,1
RARX,1.018,1.089,99817,0.328,0.104,1-3-31,1
SND,1.033,0.936,120510,0.342,0.057,1-2-87,1
GOLF,1.021,1.000,328666,0.261,0.087,7-19,2
MYOV,1.033,1.000,217500,0.241,0.023,17-18-41-48,2
MTFB,1.029,0.791,13460,0.270,0.003,5-82-96,1
IIPR,1.013,1.012,67837,1.000,0.029,96-206,2
ATH,1.024,1.089,1176120,0.361,0.139,2-17-18-37,2
HUNTU,1.003,0.984,147600,0.800,0.067,7,1
WRD,1.050,1.047,431750,0.302,0.022,8-17-31,2
ICHR,1.063,1.139,60247,0.248,0.060,21-26,1
POLA,1.007,1.079,18120,0.245,0.016,14-294,1
SNES,1.033,1.031,15468,0.185,0.030,14,1
TIG,1.004,0.903,32200,0.185,0.067,8-11-41-49-123,1
TRVG,1.110,1.018,292433,1.000,0.083,2-7-19,1
HEBT,1.003,1.750,35000,0.294,0.000,321,1
GSHTU,1.012,1.016,381000,0.800,0.018,21,1
JAG,1.007,0.940,445550,0.150,0.136,1-18-19,2
FNTEU,1.002,1.010,154530,0.730,0.021,30,1
FRAC,1.009,1.158,588720,0.259,0.178,7-8-18-19,2
ANAB,1.055,1.067,80000,0.261,0.093,1-26-31,1
JNCE,1.028,1.125,114570,0.204,0.132,19-41,1
LAUR,1.030,0.893,437500,1.000,0.072,1-7-17,1
OBSV,1.016,0.886,85720,0.218,0.078,1-3-56,1
JELD,1.030,1.098,631250,0.238,0.127,17-18,2
REVG,1.002,1.170,321875,0.196,0.194,2-7-39,2
METC,1.016,1.078,87300,0.154,0.075,1-3-31,1
INVH,1.016,1.005,1547700,0.255,0.046,19-21,2
KRP,1.037,1.003,90300,0.306,0.034,10-26-38,2
CLPR,1.000,1.111,85500,0.335,0.020,38-120,2
FBM,1.003,1.129,202240,0.299,0.067,10-17-21,2
SNAP,1.050,1.412,4800000,0.302,0.132,2-7-19-21,2
HLNE,1.015,1.116,211968,0.696,0.116,7-19,1
ARD,1.014,1.155,355590,1.000,0.130,2-18-21,2
VLRX,1.000,0.950,49875,0.687,0.003,41-43,1
TRTX,1.008,0.980,215600,0.185,0.067,2-8-18-37,2
ADOM,1.117,1.450,20678,0.042,0.000,328,1
AKCA,1.043,1.016,127031,0.243,0.030,26-37-41,1
ALRN,1.018,0.917,51562,0.255,0.114,3-8,1
APPN,1.015,1.250,93750,1.000,0.154,2-7-17,1
ARGX,1.085,1.053,104983,0.226,0.026,4-41,1
ASV,1.005,1.064,28310,0.388,0.013,14,1
ATACU,1.002,1.005,40200,0.752,0.014,70,1
ATNX,1.017,1.091,72000,0.107,0.043,1-19-21,1
ATXI,1.129,1.267,41800,0.622,0.006,12-38,1
BCACU,1.002,1.010,53025,0.755,0.012,99,1
BOMN,1.153,1.000,85000,0.528,0.006,41,1
BYSI,1.050,1.000,3485,0.008,0.095,18-253,1
CATS,1.021,0.990,14843,0.201,0.005,294,1
CIFS,1.000,1.300,26300,0.088,0.001,45-328,1
CLXT,1.129,1.188,66500,0.263,0.027,1-3-18-37,1
CMTA,1.038,1.217,146000,0.262,0.080,7-56,1
CNACU,1.003,1.000,125000,0.775,0.037,41,1
CSSE,1.020,1.083,32500,1.322,0.018,115-329-330,1
DOVA,1.036,1.132,84988,0.177,0.089,3-19-56,1
ESQ,1.000,1.136,37585,0.345,0.013,34,1
FSACU,1.004,1.006,402400,0.800,0.010,8-18,1
GNTY,1.016,1.111,60000,0.186,0.021,34-55,1
GTHX,1.015,1.000,105000,0.255,0.095,19-41,1
IMRN,1.005,0.926,5642,1.000,0.046,331-332,1
INDUU,1.001,1.002,200400,0.800,0.051,120-221,1
KAACU,1.002,1.009,353150,0.800,0.024,1-18-21,1
KALA,1.072,1.113,100200,0.258,0.073,8-19,1
KBLMU,1.000,1.000,100000,0.772,0.097,96,1
MMDMU,1.003,1.009,181620,0.800,0.021,54,1
MPACU,1.004,1.000,300000,0.800,0.065,30,1
MRSN,1.025,0.950,71250,0.221,0.109,19-41-56,1
NCSM,1.015,1.176,190000,0.210,0.160,1-18-37,1
NEWA,1.257,1.464,10248,0.132,0.004,60,1
OKTA,1.040,1.386,259160,1.000,0.117,2-19-110,1
OSPRU,1.002,1.005,251250,0.800,0.011,1,1
OVID,1.035,0.933,70000,0.203,0.117,18-41,1
PETQ,1.003,1.312,131250,0.509,0.091,3-6,1
PSDO,1.030,0.964,224999,0.188,0.162,18-19,1
RBB,1.027,1.014,87450,0.239,0.063,34-35-55,1
RDFN,1.070,1.304,180558,0.116,0.148,2-110,1
SGBX,1.095,0.950,7125,0.377,0.012,294,1
SGH,1.048,1.091,63600,0.256,0.043,17-21,1
SNNA,1.019,1.270,82549,0.218,0.051,19-31-41,1
SSTI,1.094,1.109,34160,0.307,0.024,14-16,1
TNTR,1.053,1.017,61032,0.277,0.047,7-8-42,1
TOCA,1.076,1.027,87295,0.459,0.022,26-48-56,1
TRPX,1.423,1.050,12600,0.626,0.300,102-253,1
URGN,1.017,1.022,59406,0.374,0.028,3-41,1
VEACU,1.001,1.010,484800,0.800,0.014,1-2-18,1
VERI,1.000,1.043,39100,0.180,0.075,40-103,1
VRNA,1.029,1.000,77868,1.000,0.017,3-26,1
WRLSU,1.001,1.005,271350,0.800,0.008,99,1
ZEAL,1.031,1.014,79275,0.145,0.033,2-7,1
AMGP,1.011,0.943,825087,0.200,0.089,7-17-19,2
APRN,1.065,1.000,300000,0.999,0.132,2-7-17-18,2
ATUS,1.018,1.053,2020599,0.259,0.086,2-7-18-19,2
AYX,1.014,1.232,155250,1.000,0.146,2-19,2
BEDU,1.040,1.048,165000,1.000,0.043,7-21,2
BHVN,1.012,1.176,198000,0.289,0.069,4-7-17,2
BY,1.006,1.071,115995,0.201,0.070,8-35,2
CADE,1.009,1.103,165375,0.091,0.145,2-19,2
CLDR,1.051,1.187,267000,0.117,0.164,7-19-110,2
CVNA,1.033,0.900,202500,1.000,0.116,8-18-21-37,2
EEX,1.029,1.100,289850,0.215,0.122,2-8-17,2
ELVT,1.099,1.077,86800,0.314,0.038,1-3-26-32,2
FND,1.025,1.440,266910,0.096,0.250,1-8-17-32,2
FPH,1.013,1.086,319200,0.359,0.041,18-19,2
GDI,1.002,1.062,877625,0.218,0.072,2-18-32-116,2
GPMT,1.015,0.936,182500,0.231,0.087,7-8-18-19,2
HESM,1.017,1.109,376890,0.542,0.162,2-7,2
JILL,1.017,0.981,148750,0.267,0.137,3-7-8,2
KREF,1.012,1.024,215250,0.196,0.025,7-37-116,2
MULE,1.055,1.426,315250,1.000,0.180,2-8-19,2
NETS,1.027,0.908,134887,0.266,0.087,2-3-19-110-143,2
PUMP,1.000,1.071,375000,0.301,0.081,2-17,2
SAFE,1.010,0.950,194750,0.563,0.059,8-17-19,2
SNDR,1.010,1.026,564466,0.320,0.101,7-32,2
SOI,1.021,1.018,123321,1.000,0.052,1-2,2
VNTR,1.013,1.044,474203,0.214,0.096,2-8-18-19,2
WOW,1.038,0.941,291764,0.215,0.085,1-32,2
WTTR,1.016,1.064,129630,0.681,0.047,1-37-120,2
XRF,1.021,1.108,66500,1.000,0.047,1-3-7,2
YEXT,1.018,1.273,147000,0.123,0.192,7-10-19,2
ZYME,1.056,1.038,60750,0.181,0.026,17-37-335,2
PLYM,1.005,0.966,53244,0.800,0.018,12-33-34-46-83,3
SACH,1.041,0.980,12740,0.234,0.019,294,3
IAMXU,1.004,1.006,50300,0.763,0.000,13,1
YOGA,1.064,1.000,40150,0.450,0.095,41-55-92,1
RNGR,1.036,0.966,82068,0.697,0.088,1-37-50-336,2
ZKIN,1.059,1.522,8130,0.079,0.012,328,1
CELC,1.053,1.300,29640,0.247,0.031,103,1
ZLAB,1.102,1.347,202083,1.000,0.101,18-19-56,1
TRLA,1.062,1.300,132600,0.227,0.157,19-21,2
DOTAU,1.007,1.007,50350,0.758,0.008,99,1
KRYS,1.043,1.050,41580,0.411,0.024,96,1
PETZ,1.101,1.588,8943,0.144,0.016,60,1
SECO,1.050,0.931,102850,1.000,0.151,3,1
TRMT,1.000,0.887,44375,0.806,0.136,10-18-32,1
BSTI,1.023,1.148,516600,1.000,0.028,1-18-19-21-135,2
DESP,1.016,1.115,370330,0.190,0.129,7-18,2
OMP,1.007,0.985,125625,0.545,0.123,7-18-37,2
NITE,1.041,1.232,92460,0.191,0.065,3-31-56,1
RYB,1.095,1.304,188136,1.000,0.114,1-7,2
DCPH,1.024,1.179,150375,0.235,0.116,4-19,1
NCNA,1.054,1.033,103338,0.216,0.064,3-18-41,1
ROKU,1.158,1.127,247241,1.000,0.137,7-18,1
PQG,1.000,0.971,493000,0.214,0.100,1-2-7-18,2
BRACU,1.005,1.009,121080,0.779,0.014,99,1
RYTM,1.199,1.365,163630,0.270,0.090,7-8-41,1
SWCH,1.147,1.276,678125,1.000,0.148,2-19-31-37,2
KIDS,1.111,1.385,72000,0.332,0.028,4-26,1
OPTN,1.047,1.250,150000,0.205,0.073,3-4-10-31,1
CARG,1.041,1.812,272600,0.122,0.177,2-10-110,1
HAIR,1.399,1.221,30566,0.125,0.057,15,1
RMBL,1.000,1.000,16005,0.244,0.006,13-14,1
QD,1.032,1.431,1288125,1.000,0.149,1-7-18-32-153-171,2
LYL,1.279,1.232,10504,0.122,0.008,45-328,1
MDB,1.030,1.375,264000,0.992,0.172,2-7-17-110,1
REDU,1.062,1.103,176000,1.000,0.105,1-7,1
FAT,1.093,1.067,25600,0.200,0.058,301,1
CMSSU,1.002,1.001,180180,0.783,0.022,99,1
EYE,1.012,1.307,454250,0.219,0.072,2-8-18-116,1
FSCT,1.029,1.193,138600,0.143,0.173,7-18-19,1
HYACU,1.000,1.007,302100,0.800,0.013,30,1
MBIN,1.017,1.062,106250,0.225,0.070,34-38-55,1
BPMP,1.008,0.936,716125,0.811,0.084,2-7-18,2
NEXA,1.000,1.031,511500,0.233,0.029,1-7-19-31,2
ACMR,1.038,1.459,16340,0.157,0.015,14,1
ALNA,1.033,0.857,63999,0.259,0.156,1-3-41,1
FNKO,1.030,0.667,83333,0.446,0.152,2-8-19,1
HX,1.133,1.500,75000,0.563,0.008,45,1
STNLU,1.000,1.014,304200,0.800,0.024,1-2-18,1
AQ,1.042,1.000,33333,1.000,0.069,12-18,2
AQUA,1.026,1.061,530555,0.245,0.127,1-10-19,2
LOMA,1.009,1.139,995899,0.386,0.084,7-8-18-22-77-143,2
APLS,1.028,1.036,155353,0.218,0.034,18-19-48,1
CBTX,1.014,1.077,67200,0.098,0.061,35-55,1
IFRX,1.019,1.013,101271,0.285,0.047,19-31-56,1
FEDU,1.052,1.020,103020,1.000,0.057,7-18-44,2
MCB,1.001,1.113,120745,0.401,0.195,19-35,2
SOGO,1.098,1.000,585000,1.000,0.141,1-19-135-171,2
BAND,1.045,1.053,84240,0.991,0.098,7-9-39,1
ERYP,1.043,1.147,125025,0.274,0.005,3-41-342,1
PPDF,1.100,0.760,226100,1.000,0.048,1-18,2
ARCT,1.667,1.000,39600,0.040,0.028,96,1
BXG,1.046,0.896,81558,0.087,0.078,1-26,2
AMRH,1.000,1.000,11793,0.103,0.000,16-96,1
ASNS,1.092,1.300,52000,0.292,0.021,4-18-41,1
JT,1.022,1.031,185625,1.000,0.060,7-19-135,2
SEND,1.036,1.159,152110,0.201,0.152,7-19,2
SFIX,1.096,1.127,135200,1.000,0.081,2-19,1
BRPAU,1.002,1.001,60060,0.762,0.034,99,1
SBT,1.009,1.029,185250,0.283,0.033,34,1
SCPH,1.048,1.018,91200,0.363,0.037,3-31-56,1
SAIL,1.007,1.242,298000,0.234,0.140,3-7-10-18,2
LEVB,1.140,0.860,10320,0.267,0.014,294,3
BOXL,1.000,1.310,9170,0.106,0.008,58-69-254-294,1
CASA,1.011,1.038,81000,0.075,0.121,7-17,1
CUE,1.040,1.599,105760,0.530,0.001,94-134,1
DNLI,1.018,2.133,141131,0.530,0.002,2-7-19,1
DOGZ,1.103,1.160,63800,0.650,0.004,321,1
ICLK,1.247,1.062,31875,1.000,0.019,1-14-45-49-344,1
ILPT,1.010,0.987,474000,0.308,0.063,10-18-32,1
LBC,1.013,1.093,142762,0.224,0.063,34-35,1
LX,1.261,1.311,141600,1.000,0.010,8-21-44-135,1
ODT,1.063,0.958,143750,0.232,0.031,2-3,1
QTRX,1.037,1.083,69472,0.202,0.066,19-41-56,1
RETO,1.140,1.660,23240,0.125,0.004,60,1
ADT,1.025,0.904,1328250,0.140,0.062,2-7,2
CURO,1.002,1.057,98666,0.150,0.060,1-3-55,2
LBRT,1.014,1.247,269899,0.185,0.182,2-7-37,2
COLD,1.009,1.094,792750,0.328,0.084,8-10-19,2
NINE,1.021,1.043,168000,0.302,0.166,2-19-37,2
TORC,1.101,1.241,105513,0.208,0.045,8-48-56,1
ARMO,1.109,1.647,210823,0.257,0.067,3-31-56,1
EYEN,1.074,1.000,27300,0.275,0.051,14-96,1
MNLO,1.102,1.206,143500,0.319,0.048,3-4-92,1
SLDB,1.090,1.594,199218,0.234,0.085,2-19-56,1
AGS,1.030,1.062,174250,0.305,0.100,1-21,2
GTES,1.016,1.003,733425,0.136,0.083,7-18-32,2
PAGS,1.037,1.312,2971872,0.982,0.149,2-7,2
VICI,1.006,1.054,1275340,0.168,0.075,2-7-8,2
SLGL,1.075,1.278,95812,0.348,0.063,3-31-350-351-352,1
CDLX,1.039,0.931,65340,0.277,0.182,8-19,1
EOLS,1.031,0.958,57500,0.212,0.001,30-79,1
IPIC,1.000,0.919,13913,0.656,0.025,14-301,1
OSS,1.081,1.110,21090,0.308,0.029,14,1
SSLJ,1.000,1.000,20000,0.478,0.005,328,1
VCTR,1.027,0.925,140634,1.000,0.000,7-8-19,1
CAAP,1.058,1.000,485714,0.179,0.068,12,2
FTSI,1.011,1.056,370500,0.183,0.106,1-7,2
HMI,1.000,1.091,120000,1.000,0.096,1-18-44-207,2
HUD,1.000,0.945,707548,1.000,0.094,1-7-32,2
QES,1.027,0.900,83333,0.280,0.035,8-336,2
WHD,1.040,1.067,466440,1.000,0.000,1-18,2
BFRA,1.079,1.316,15795,1.000,0.013,115,1
MOTS,1.056,1.000,17500,0.225,0.057,4-12,1
FAMI,1.100,1.100,7392,0.144,0.003,60,1
BTAI,1.083,1.002,60109,0.349,0.080,17-31-32,1
AIHS,1.080,1.377,16530,0.118,0.006,60,1
BWB,1.015,1.077,84822,0.231,0.044,34-83,1
ZS,1.019,1.719,330000,0.102,0.209,2-7,1
RCUS,1.070,1.333,160000,0.188,0.098,2-18-56,2
DNJR,1.077,1.300,8060,0.107,0.014,60,1
DBX,1.086,1.381,1044000,0.685,0.216,2-8-19-21-110,1
OPBK,1.021,1.068,23500,0.132,0.045,35,1
STG,1.075,1.139,170300,0.286,0.074,1-19-135,2
BILI,1.082,0.852,411600,1.000,0.078,7-8-19,1
FIXX,1.061,1.438,207000,0.249,0.056,8-41-48,1
GNPX,1.119,0.938,6003,0.098,0.024,45,1
IQ,1.018,1.011,2275000,1.000,0.114,1-8-135,1
UMRX,1.021,0.979,67797,0.195,0.045,7-41,1
GHG,1.021,1.029,146880,1.000,0.029,7-8-32,2
ZUO,1.050,1.429,220000,1.000,0.187,2-3-7-110,2
EACQU,1.002,1.000,180000,0.800,0.030,18,1
TRTLU,1.004,1.000,185000,0.800,0.037,21,1
LEAF,1.009,1.124,401962,0.189,0.126,1-8-17-18-110,2
EVER,1.010,1.040,199888,0.170,0.055,2,1
BV,1.034,1.333,151748,0.167,0.000,1-7-21,2
AMBO,1.260,1.000,106772,0.500,0.055,19-135,3
AHPAU,1.007,0.982,294600,0.800,0.043,1,1
JSYNU,1.005,0.995,38805,0.754,0.035,13-70,1
EAGLU,1.001,1.001,480480,0.800,0.018,8-21,1
PACQU,1.005,1.000,36000,0.746,0.079,70,1
FMCIU,1.002,1.000,150000,0.771,0.030,99-120,1
BNGOU,1.000,0.979,20160,0.354,0.006,14,1
TZACU,1.011,1.001,55055,0.764,0.066,13,1
SFET,1.000,0.836,6125,0.374,0.000,70,1
TKKSU,1.000,1.008,221760,0.794,0.019,99,1
ARDS,1.064,1.002,26040,0.253,0.049,30,1
MESA,1.000,1.000,115560,0.282,0.053,8-38,1
VCNX,1.000,1.000,40000,0.290,0.026,12-112,1
ARLO,1.100,1.156,188977,0.140,0.070,8-21-92,2
CWK,1.010,1.059,810000,0.216,0.078,2-7-19-32,2
TOTAU,1.003,1.012,40480,0.769,0.038,70,1
ADIL,1.100,0.800,5856,0.224,0.016,13-69-294,1
DAVA,1.040,1.250,158500,0.574,0.106,1-7-18-21,2
OPRA,1.089,1.195,137664,1.000,0.088,18-171,1
WISA,1.000,1.000,12000,0.163,0.009,310-311-357-358,1
TENB,1.027,1.435,359700,0.120,0.174,7-19-21-110,1
PDD,1.036,1.395,2268400,1.000,0.094,1-135-171,1
FOCS,1.000,1.088,582162,0.402,0.077,2-8-116,1
JG,1.043,1.059,81540,1.000,0.039,1-21-135,1
LQDA,1.080,1.132,56590,0.301,0.048,3-41,1
BRY,1.018,0.946,172826,0.160,0.049,2-31-37,1
CANG,1.111,1.136,50000,1.000,0.019,7-8-135,2
AQST,1.055,1.003,67725,0.184,0.079,10-31,1
BE,1.037,1.247,336600,1.000,0.106,7-19,2
GLACU,1.006,1.011,40440,0.759,0.034,70,1
PRVB,1.000,2.000,131000,0.434,0.004,134,1
REPL,1.014,1.067,107200,0.217,0.106,19-31-56,1
TLRY,1.039,1.356,207450,0.120,0.072,41,1
MYFW,1.010,1.092,40981,0.262,0.037,35-55,1
ESTA,1.038,1.444,96597,0.201,0.082,3-41,1
CNST,1.064,0.765,45920,0.156,0.078,3-19-31,1
ALLK,1.032,1.511,194026,0.176,0.103,2-3,1
CCB,1.046,1.121,46312,0.250,0.046,35-179,1
CRNX,1.111,1.132,115500,0.261,0.127,4-19-56,1
RUBY,1.082,1.327,319836,0.136,0.052,3-7-19-56,1
ALGRU,1.001,1.006,130780,0.782,0.035,30,1
BJ,1.083,1.250,796875,0.297,0.116,2-8-19-21,2
ENTX,1.027,0.912,10220,0.123,0.019,12-13,1
HCCHU,1.004,1.005,50250,0.789,0.045,99,1
FTSV,1.029,0.938,105595,0.235,0.103,1-7,1
STIM,1.039,1.471,137500,0.328,0.065,4-6,1
TBIO,1.074,0.885,107525,0.209,0.067,18-48-56,1
TCDA,1.072,1.316,292500,0.291,0.057,2-19-41,1
UXIN,1.009,1.156,260000,1.000,0.091,7-19-44-135-171,1
NTGN,1.014,1.000,100000,0.222,0.080,7-8-79,1
LOVE,1.050,1.562,87500,0.271,0.056,14,1
HYRE,1.171,1.110,13986,0.241,0.031,45,1
ECOR,1.100,1.200,93600,0.183,0.030,4-30-33-48,1
AUTL,1.071,1.647,247058,0.227,0.052,2-3,1
APTX,1.117,1.087,111359,0.197,0.085,19-31-41-56,1
IIIV,1.053,1.385,119700,0.822,0.077,9-38-41,1
KZR,1.024,1.333,100000,0.273,0.035,3-6-37-41,1
EPRT,1.006,0.964,438425,0.793,0.054,2-17-18,2
MGTA,1.054,1.033,103333,0.194,0.088,2-19-41,1
AVRO,1.080,1.539,153502,0.227,0.096,7-37-41,1
XERS,1.103,1.050,89775,0.289,0.022,3-10-56,1
TWLVU,1.003,1.002,180360,0.771,0.036,99,1
LFACU,1.000,1.002,135270,0.800,0.049,38-345,1
EIDX,1.032,1.176,125000,0.175,0.062,8-19,1
TBRGU,1.000,1.005,226125,0.800,0.014,30-175,1
VRCA,1.121,1.333,100000,0.200,0.044,3-8-41,1
NEW,1.081,1.000,122400,1.000,0.047,17-18-21-171-361,2
AVLR,1.084,1.458,262500,0.115,0.155,2-8-19,2
CHRA,1.004,0.979,86397,0.246,0.061,7-8,2
USX,1.015,1.019,294312,0.561,0.056,7-8,2
MGTX,1.026,1.007,75500,0.184,0.065,8-17-48,1
HJLI,1.128,1.000,7500,0.148,0.031,45-310-358,1
TDACU,1.003,1.001,175175,0.760,0.010,70,1
ITRM,1.002,0.977,78105,0.441,0.022,10-56,1
KNSA,1.008,1.358,207281,0.575,0.045,2-19,1
SRRK,1.018,1.018,76380,0.219,0.028,3-31-41,1
GSKY,1.038,0.963,841700,0.733,0.122,2-7-19,1
CLPS,1.101,1.097,11520,0.150,0.035,59-115,1
EVOP,1.006,1.253,280700,0.925,0.174,5-8-18-19-21,1
PS,1.013,1.333,414000,0.346,0.144,7-8-17-19,1
VTIQU,1.001,1.000,200000,0.775,0.081,41-70,1
TMCXU,1.001,1.000,300000,0.800,0.072,345,1
HUYA,1.101,1.292,232500,1.000,0.150,1-32-135,2
EQH,1.007,0.988,2710687,0.245,0.036,7-17-18-19,2
EVLO,1.025,1.000,85000,0.167,0.069,7-31-41,1
OBNK,1.019,1.066,131811,0.165,0.059,38-55,1
ROAD,1.018,1.083,146250,1.000,0.048,38-39-55,1
STXB,1.018,1.048,44000,0.211,0.076,35-55,1
ASLN,1.049,0.875,36900,0.187,0.034,4-56,1
BCML,1.009,1.036,65007,0.275,0.007,83-84,1
CBLK,1.046,1.300,197600,0.122,0.161,7-19,1
INSP,1.000,1.531,165307,0.333,0.113,2-8,2
UBX,1.078,1.118,95000,0.119,0.030,2-7-18,1
XSPL,1.056,1.102,7202,0.261,0.001,311,1
PRT,1.043,0.941,100000,0.514,0.131,2-32-37,2
DOCU,1.012,1.310,824600,0.143,0.153,7-19,1
GSHD,1.002,1.200,102360,0.696,0.061,8-19,1
SMAR,1.005,1.227,214064,1.000,0.168,3-7-10-19,2
LASR,1.033,1.438,138000,0.178,0.112,26-38,1
CDAY,1.037,1.314,606900,0.158,0.162,2-19,2
LEVL,1.062,1.036,34800,0.159,0.019,35-38,1
PVTL,1.003,1.117,619750,0.495,0.123,2-7-18,2
SURF,1.000,0.983,106200,0.261,0.102,2-41-48,1
EAF,1.031,0.983,516250,0.116,0.073,1-19,2
AGMH,1.083,1.100,7183,0.061,0.002,45,1
TIBRU,1.000,1.001,150150,0.800,0.036,30-89,1
OPESU,1.002,1.003,100300,0.775,0.066,99,1
DFBHU,1.004,1.000,250000,0.800,0.061,2-21,1
MUDSU,1.000,1.000,200000,0.800,0.000,30,1
MTECU,1.004,1.001,50050,0.772,0.035,99,1
GPAQU,1.002,1.000,125000,0.800,0.072,345,1
NEBUU,1.001,1.003,250749,0.800,0.020,2-21,1
LACQU,1.001,1.000,200000,0.800,0.064,7,1
