symbol,y,x1,x2,x3,x4,underwriter,exchange,t10,p30,t30,p1h,t1h,p1d,t1d
AAOI,1.009,1.000,36000,0.286,0.024,4-38,1,0,1.009,0,1.009,0,1.009,0
AAPC,1.003,1.001,75075,0.740,0.033,18,1,0,1.006,21,1.006,21,1.007,322
AAVL,1.099,1.471,150000,0.281,0.103,3-4-41,1,7,1.099,7,1.099,7,1.158,66
ABCW,1.043,1.102,10660,0.040,0.057,34-39,1,0,1.071,19,1.071,19,1.097,323
ABGB,1.036,1.012,616500,0.355,0.004,18-77,1,2,1.036,11,1.036,11,1.036,11
ABY,1.024,1.212,873725,0.311,0.111,8-18,1,10,1.052,16,1.052,16,1.089,343
ACRX,1.018,1.000,40000,0.413,0.096,4,1,0,1.018,0,1.018,0,1.018,0
ADAP,1.013,1.132,216562,0.159,0.097,8-41-56,1,0,1.013,0,1.013,0,1.013,0
ADHD,1.006,1.031,25781,0.281,0.019,69,1,0,1.006,0,1.006,0,1.006,0
ADMS,1.023,1.053,50550,0.183,0.047,1-4,1,0,1.023,0,1.023,0,1.023,0
ADRO,1.070,1.882,224000,0.119,0.113,8-56,1,1,1.090,15,1.141,48,1.312,322
AEGR,1.126,1.021,48500,0.297,0.003,56-80,1,4,1.126,4,1.126,4,1.126,4
AERI,1.029,1.055,70896,0.303,0.034,10-26,1,0,1.029,0,1.029,0,1.029,0
AFH,1.022,1.000,24131,0.540,0.011,34,1,2,1.022,2,1.022,2,1.022,2
AFMD,1.007,0.993,55600,0.334,0.062,3-31-56,1,0,1.007,0,1.007,0,1.007,0
AGIO,1.051,1.611,170777,0.195,0.104,2-19,1,2,1.051,2,1.051,2,1.103,298
AGRX,1.064,0.917,50416,0.493,0.050,6-10,1,9,1.102,23,1.102,23,1.102,23
AGTC,1.059,1.062,53125,0.311,0.015,17-31-43,1,0,1.096,28,1.216,59,1.319,64
AKAO,1.089,1.071,77100,0.358,0.081,1-41,1,0,1.089,0,1.089,0,1.128,100
AKBA,1.047,1.347,134705,0.305,0.128,1-7,1,10,1.064,13,1.064,13,1.245,295
AKER,1.007,1.029,15434,0.557,0.011,69,1,0,1.007,0,1.007,0,1.007,0
ALDR,1.029,1.035,82800,0.268,0.021,1-56,1,1,1.029,1,1.029,1,1.029,1
ALDX,1.041,0.938,11250,0.290,0.031,69,1,1,1.041,1,1.041,1,1.041,1
ALRM,1.097,1.146,112350,0.156,0.166,1-2-8,1,9,1.114,13,1.114,13,1.114,13
ALTR,1.025,1.308,204000,0.561,0.144,10-19-21,1,0,1.025,0,1.025,0,1.116,300
AMBA,1.013,1.118,40260,0.232,0.052,7-21,1,0,1.021,19,1.021,19,1.021,19
AMDA,1.055,1.071,21560,0.289,0.035,33,1,0,1.055,0,1.055,0,1.055,0
AMPH,1.107,1.000,56000,0.184,0.080,3-4-31,1,8,1.107,8,1.117,55,1.279,300
AMRS,1.044,1.031,87450,0.123,0.032,2-7,1,0,1.045,11,1.057,38,1.057,38
ANAC,1.030,1.000,60000,0.451,0.057,18-21,1,0,1.030,0,1.030,0,1.030,0
ANGI,1.042,1.385,158281,0.158,0.142,8,1,0,1.042,0,1.042,0,1.042,0
APIC,1.025,1.176,102300,0.176,0.155,1-7-19,1,0,1.025,0,1.025,0,1.025,0
APPF,1.131,1.012,75330,1.000,0.056,1-7,1,2,1.170,30,1.170,57,1.224,86
AQMS,1.008,1.300,42900,0.492,0.014,15,1,0,1.008,0,1.008,0,1.008,0
AQXP,1.064,1.073,49560,0.418,0.045,3-41,1,10,1.065,11,1.065,11,1.065,11
ARCP,1.009,1.000,110000,0.970,0.001,96-168,1,4,1.036,26,1.036,26,1.036,26
ARDX,1.026,1.036,62147,0.240,0.052,18-56,1,1,1.026,1,1.026,1,1.026,1
ARGS,1.113,1.113,50062,0.295,0.016,4-26-33,1,0,1.113,0,1.113,0,1.113,0
ASND,1.022,1.194,129000,0.262,0.085,8-56,1,0,1.022,0,1.022,0,1.022,0
ATOS,1.099,0.910,3640,0.062,0.009,113,1,9,1.099,9,1.099,9,1.099,9
ATRA,1.101,0.899,49450,0.258,0.031,2-18,1,3,1.138,23,1.138,23,1.138,23
AVGR,1.013,1.033,67150,0.489,0.000,11-41,1,0,1.013,0,1.013,0,1.019,118
AVNU,1.000,1.300,35750,0.250,0.010,35,1,0,1.000,0,1.000,0,1.000,0
AWAY,1.065,1.337,288800,0.100,0.179,7,1,10,1.136,16,1.172,51,1.172,51
BBRG,1.103,1.036,145000,0.519,0.079,3-4-37,1,6,1.103,6,1.103,6,1.128,306
BCOV,1.062,1.318,72500,0.190,0.104,7-26,1,5,1.087,15,1.087,15,1.087,15
BIND,1.000,1.000,70500,0.298,0.113,1-41,1,0,1.000,0,1.000,0,1.000,0
BIOC,1.002,1.000,19000,0.420,0.049,69-94,1,0,1.002,0,1.002,0,1.002,0
BITI,1.138,1.091,61123,0.308,0.029,10-26,1,3,1.245,28,1.250,32,1.282,167
BLCM,1.060,1.293,180516,0.284,0.135,3-4-18,1,0,1.086,29,1.089,32,1.115,162
BLMN,1.075,1.055,185600,0.133,0.114,7-8-19,1,9,1.079,11,1.079,11,1.128,159
BLPH,1.025,0.833,50000,0.387,0.078,41-56,1,0,1.025,0,1.025,0,1.025,0
BLUE,1.059,1.500,151499,0.272,0.119,8-19,1,5,1.059,5,1.059,5,1.059,5
BLVDU,1.000,1.005,211050,0.800,0.048,18,1,0,1.000,0,1.000,0,1.000,0
BNFT,1.141,1.604,209737,0.203,0.215,2-3-21,1,6,1.141,6,1.168,43,1.315,282
BOJA,1.053,1.397,205762,0.216,0.230,3-8-37,1,3,1.053,3,1.053,3,1.053,3
BONA,2.529,1.000,99790,0.400,0.081,8-19,1,0,2.529,0,2.529,0,2.529,0
BPMC,1.021,1.300,190612,0.315,0.165,2-41,1,5,1.021,5,1.021,5,1.021,5
BUFF,1.017,1.350,913451,0.173,0.164,18-19,1,8,1.017,8,1.017,8,1.017,8
BVXV,1.000,0.978,9339,0.585,0.024,69,1,0,1.000,0,1.000,0,1.000,0
BWFG,1.002,1.012,49243,0.411,0.002,34-35,1,0,1.002,0,1.002,0,1.002,0
BZUN,1.100,1.025,112750,1.000,0.087,1-7-8,1,0,1.100,0,1.100,0,1.100,0
CAFD,1.012,0.988,415000,1.000,0.145,2-18,1,2,1.019,27,1.019,27,1.019,27
CALA,1.100,1.022,81760,0.447,0.079,18-56,1,3,1.100,3,1.100,3,1.100,3
CAPN,1.012,0.785,8415,0.255,0.015,13,1,0,1.012,0,1.012,0,1.012,0
CARA,1.049,1.056,58099,0.229,0.026,4-26,1,10,1.166,28,1.218,45,1.218,45
CARB,1.241,1.080,67500,0.260,0.022,8-19,1,1,1.241,1,1.241,1,1.241,1
CATB,1.020,1.062,63700,0.344,0.056,18-41,1,1,1.020,1,1.032,38,1.059,252
CBF,1.005,1.006,181000,0.307,0.077,1-2-8,1,0,1.026,24,1.026,24,1.026,24
CBYL,1.012,1.300,84500,0.536,0.015,56,1,0,1.012,0,1.012,0,1.012,0
CCCR,1.207,0.923,8220,0.132,0.024,58-90,1,2,1.233,23,1.233,23,1.233,23
CCIH,1.111,1.942,163646,0.016,0.149,8-21,1,0,1.137,15,1.137,15,1.137,15
CCXI,1.173,1.049,47205,0.128,0.023,18-19,1,10,1.217,11,1.217,11,1.217,11
CDNA,1.052,0.950,38000,0.346,0.063,4-56,1,5,1.052,5,1.052,5,1.052,5
CDRB,0.757,3.170,31700,0.147,0.000,90,1,-328,0.757,-328,0.789,-268,1.041,-44
CDTX,1.187,1.007,77328,0.356,0.108,3-56,1,6,1.187,6,1.187,6,1.187,6
CDW,1.057,1.038,410130,0.138,0.057,2-17-19,1,9,1.058,15,1.063,59,1.063,59
CEMP,1.061,1.033,52080,0.425,0.006,26-41-56,1,10,1.061,10,1.061,10,1.061,10
CERE,1.041,1.138,74000,0.213,0.040,2-17,1,2,1.041,2,1.041,2,1.041,2
CERU,1.079,1.014,60350,0.447,0.011,56,1,3,1.079,3,1.079,3,1.079,3
CFMS,1.134,1.200,162000,0.230,0.142,19-21,1,9,1.134,9,1.134,9,1.134,9
CG,1.020,1.000,671000,1.000,0.082,1-18-19,1,3,1.020,3,1.020,3,1.020,3
CGIX,1.003,1.000,6000,0.143,0.002,6-39-69-94,1,7,1.003,7,1.003,7,1.700,120
CHEF,1.016,1.133,153000,0.435,0.172,3-31-37,1,0,1.016,0,1.026,38,1.088,205
CHMA,1.063,1.281,130482,0.277,0.127,17-41,1,10,1.102,27,1.102,27,1.102,27
CHRS,1.012,0.944,80277,0.196,0.130,1-19,1,0,1.013,30,1.021,35,1.034,256
CHUY,1.000,1.154,87499,0.388,0.123,3-39,1,0,1.000,0,1.013,42,1.035,277
CLCD,1.012,0.850,46750,0.363,0.091,4-26,1,0,1.012,0,1.012,0,1.012,0
CLDN,1.025,1.238,54450,0.311,0.019,17-19,1,0,1.025,0,1.025,0,1.025,0
CLIR,1.056,1.028,12330,0.368,0.015,134,1,2,1.056,2,1.056,2,1.056,2
CLLS,1.013,1.000,228250,0.157,0.180,3-4-8,1,0,1.013,0,1.013,0,1.013,0
CLVS,1.026,1.004,130500,0.462,0.032,1-19,1,2,1.026,2,1.026,2,1.026,2
CMRX,1.061,1.081,110824,0.300,0.075,7-41,1,5,1.104,24,1.106,37,1.241,299
CNAT,1.022,1.000,66000,0.385,0.102,4-26,1,0,1.022,0,1.022,0,1.022,0
CNCE,1.032,1.125,94500,0.348,0.095,32-37,1,4,1.032,4,1.032,4,1.032,4
CNOB,1.016,1.089,48800,0.337,0.038,26,1,0,1.016,0,1.016,0,1.016,0
CNV,1.033,1.090,204484,0.061,0.076,7-19,1,2,1.033,2,1.033,2,1.033,2
COLL,1.083,1.000,69600,0.294,0.063,3-4,1,2,1.083,2,1.083,2,1.083,2
COMM,1.028,1.000,576923,0.207,0.110,8-19-21,1,6,1.028,6,1.028,6,1.028,6
CONE,1.052,1.105,346500,0.850,0.177,7-8,1,2,1.052,2,1.052,2,1.052,2
COVS,1.077,1.260,80640,0.176,0.134,1-42,1,1,1.090,12,1.090,12,1.090,12
CRTO,1.071,1.355,339468,0.146,0.186,3-19-21,1,0,1.071,0,1.071,0,1.071,0
CSOD,1.081,1.385,189000,0.225,0.112,2-17,1,0,1.125,14,1.125,14,1.125,14
CSTE,1.048,0.999,73193,0.200,0.091,1-17-19,1,0,1.048,0,1.048,0,1.048,0
CTRL,1.016,1.169,74800,0.181,0.137,8-38,1,0,1.037,12,1.037,12,1.107,217
CYAD,1.001,0.990,99134,0.157,0.151,4-32,1,0,1.001,0,1.001,0,1.001,0
CYBR,1.080,1.562,22500,0.028,1.681,17-19-21,1,0,1.080,0,1.080,0,1.208,305
CZR,1.541,1.007,16410,0.014,0.161,1-18,1,9,1.541,9,1.657,45,1.976,75
DATE,1.056,1.000,78100,0.151,0.113,8-18,1,5,1.056,5,1.056,5,1.056,5
DERM,1.028,1.125,140625,0.404,0.099,18-56,1,0,1.028,0,1.028,0,1.028,0
DFRG,1.001,0.981,73950,0.244,0.095,4-21-37,1,0,1.001,0,1.001,0,1.025,322
DNAI,1.177,1.687,232308,0.281,0.090,3-8,1,4,1.177,4,1.177,4,1.177,4
DNKN,1.098,1.316,556250,0.185,0.195,7-17-19,1,6,1.098,6,1.098,6,1.185,294
DPRX,1.086,1.217,40150,0.338,0.033,12,1,1,1.086,1,1.086,1,1.086,1
DRNA,1.161,2.000,180000,0.361,0.078,3-26-56,1,9,1.161,9,1.258,45,1.533,303
DSKY,1.089,1.167,134750,1.000,0.175,1-19-26,1,0,1.089,0,1.089,0,1.089,0
DTEA,1.052,1.316,127551,0.220,0.227,2-19,1,1,1.052,1,1.082,44,1.099,259
EAC,1.031,1.000,38400,0.500,0.029,12-26-80,1,2,1.031,2,1.031,2,1.031,2
EARS,1.024,1.017,57340,0.333,0.031,3-56,1,0,1.024,0,1.024,0,1.024,0
EBIO,1.075,1.035,51750,0.325,0.039,18-41-56,1,10,1.097,26,1.097,26,1.140,132
ECYT,1.069,1.067,80000,0.451,0.006,10-56,1,0,1.069,0,1.069,0,1.303,179
EGLT,1.013,1.042,52500,0.287,0.038,26-33,1,0,1.013,0,1.013,0,1.013,0
EGRX,1.061,1.033,51925,0.241,0.124,4-6,1,3,1.061,3,1.061,3,1.061,3
EIGI,1.045,0.917,231561,0.167,0.086,1-2-7,1,10,1.058,13,1.058,13,1.058,13
ENPH,1.035,1.250,67272,0.228,0.050,7-8-21,1,9,1.035,9,1.035,9,1.099,148
ENVI,1.057,1.039,72509,0.291,0.092,2-4-21-26,1,2,1.057,2,1.057,2,1.057,2
EPZM,1.040,1.333,102840,0.186,0.088,18-41-56,1,6,1.075,19,1.075,19,1.181,333
ESPR,1.009,1.086,76000,0.355,0.000,1-18,1,5,1.118,23,1.118,23,1.118,23
ETSY,1.126,1.938,516666,0.150,0.074,2-7,1,10,1.153,27,1.153,27,1.153,27
EVAR,1.031,1.000,55000,0.309,0.051,3-17,1,0,1.031,0,1.031,0,1.031,0
EVOK,1.027,0.929,23415,0.363,0.053,69,1,0,1.031,29,1.031,29,1.056,294
EXA,1.013,1.000,62500,0.474,0.064,26,1,0,1.013,0,1.013,0,1.013,0
EYES,1.321,1.889,59500,0.101,0.011,134,1,7,1.321,7,1.321,7,1.321,7
FANG,1.026,1.018,222750,0.356,0.059,1,1,8,1.026,8,1.026,8,1.026,8
FATE,1.104,1.093,43733,0.348,0.017,31-41,1,0,1.104,0,1.104,0,1.104,0
FB,1.071,1.105,17691811,0.665,0.180,2-7-19,1,0,1.071,0,1.071,0,1.071,0
FBNK,1.045,1.100,189117,1.106,0.024,35,1,0,1.045,0,1.045,0,1.045,0
FEYE,1.084,2.015,611552,0.129,0.196,2-7-17-19,1,10,1.114,12,1.114,12,1.114,12
FGEN,1.020,1.278,186300,0.143,0.160,2-18-56,1,1,1.020,1,1.020,1,1.020,1
FIVE,1.023,1.532,250480,0.178,0.189,2-3-17,1,9,1.038,29,1.077,51,1.130,161
FIVN,1.176,1.136,79500,0.217,0.037,8-17-19,1,6,1.176,6,1.176,6,1.176,6
FLDM,1.052,1.000,75037,0.293,0.051,4-21,1,7,1.052,7,1.052,7,1.073,276
FLKS,1.026,1.188,102600,0.303,0.102,3-4,1,0,1.026,0,1.026,0,1.026,0
FLXN,1.008,1.231,80000,0.339,0.045,31-37,1,0,1.008,0,1.008,0,1.008,0
FMI,1.056,1.750,185499,0.217,0.254,2-19,1,5,1.056,5,1.056,5,1.144,214
FOGO,1.021,1.300,114705,0.162,0.338,3-19,1,0,1.021,0,1.021,0,1.021,0
FOMX,1.375,1.333,53600,0.312,0.100,17-41,1,6,1.375,6,1.375,6,1.375,6
FOXF,1.038,1.200,154285,0.236,0.105,4-6-39,1,0,1.044,25,1.082,45,1.082,45
FPRX,1.000,1.231,76800,0.300,0.094,3-31-37,1,0,1.000,0,1.000,0,1.000,0
FRAN,1.043,1.353,230000,0.230,0.221,2-3-19,1,10,1.065,27,1.065,40,1.254,293
FRPT,1.025,1.317,205729,0.328,0.206,1-2,1,1,1.025,1,1.035,40,1.035,40
FRSH,1.000,1.100,70583,0.344,0.120,3-37-39,1,0,1.000,0,1.000,0,1.000,0
FUEL,1.043,2.067,239800,0.123,0.166,1-18,1,0,1.043,0,1.043,0,1.043,0
FWM,1.023,1.385,245700,0.529,0.198,1-3-6-8,1,0,1.023,0,1.023,0,1.023,0
FWP,1.001,0.904,199394,0.229,0.079,3-10-56,1,0,1.001,0,1.001,0,1.001,0
GDEF,1.004,1.000,60000,0.715,0.059,41,1,0,1.004,0,1.004,0,1.004,0
GEVO,1.095,1.035,110968,0.290,0.058,4-18-32,1,4,1.128,13,1.128,13,1.130,274
GLBL,1.021,0.933,630000,0.383,0.122,7-17-18-19,1,10,1.031,15,1.031,15,1.031,15
GLMD,1.102,1.259,48235,0.266,0.041,13,1,0,1.102,0,1.102,0,1.102,0
GLPG,1.003,1.101,303265,0.199,0.054,1-7-41,1,5,1.051,27,1.089,50,1.123,266
GLYC,1.021,1.300,72800,0.429,0.044,3-17,1,0,1.021,0,1.021,0,1.021,0
GMAN,1.228,1.000,58928,0.286,0.058,4-37,1,0,1.228,0,1.228,0,1.228,0
GMLP,1.027,1.067,288000,0.519,0.221,7-8-18,1,7,1.033,18,1.033,18,1.062,188
GNBC,1.032,1.091,76734,0.184,0.049,3-34,1,10,1.060,16,1.060,16,1.063,76
GNCA,1.004,0.975,64349,0.319,0.138,18-41,1,0,1.004,0,1.004,0,1.004,0
GOGO,1.045,0.941,176000,0.130,0.138,7-19-32,1,4,1.045,4,1.045,4,1.045,4
GOMO,1.099,1.258,98770,1.000,0.185,1-19,1,10,1.144,20,1.144,20,1.144,20
GPIAU,1.000,1.005,150750,0.800,0.042,18,1,0,1.000,0,1.000,0,1.000,0
GPP,1.031,1.015,152300,0.629,0.113,8-17,1,9,1.031,9,1.031,9,1.031,9
GPRO,1.082,1.194,509970,1.000,0.178,17-18-19,1,8,1.152,17,1.152,17,1.152,17
GRPN,1.112,1.400,980000,0.055,0.084,1-2-7,1,3,1.112,3,1.112,3,1.112,3
GWGH,1.388,0.980,9800,0.136,0.006,29-58-114-140,1,9,1.430,12,1.430,12,1.430,12
HABT,1.200,1.667,150000,0.608,0.187,4-37-39,1,2,1.200,2,1.200,2,1.323,326
HAWK,1.019,1.087,250000,1.000,0.151,2-8-18-21,1,0,1.078,30,1.078,30,1.078,30
HCACU,1.005,1.000,175000,0.800,0.055,30-32,1,0,1.005,0,1.005,0,1.005,0
HDP,1.015,1.500,150000,0.150,0.145,1-2-10,1,0,1.015,0,1.015,0,1.104,316
HDS,1.014,1.000,957446,0.289,0.107,1-8-17-19,1,0,1.056,29,1.069,34,1.069,34
HIIQ,1.018,1.009,65893,1.000,0.097,1-18,1,0,1.018,0,1.018,0,1.018,0
HLG,1.000,1.071,21435,2.000,0.002,45,1,0,1.000,0,1.060,52,1.333,183
HMHC,1.140,1.167,255500,0.130,0.071,2-7,1,6,1.140,6,1.140,6,1.140,6
HMST,1.043,1.068,89132,0.529,0.011,120,1,0,1.043,0,1.043,0,1.043,0
HQY,1.000,1.429,182000,0.183,0.152,19-37,1,0,1.000,0,1.000,0,1.000,0
HSGX,1.143,1.032,67068,0.463,0.016,11-41-57,1,7,1.143,7,1.143,7,1.143,7
HTBX,1.019,1.000,25000,0.411,0.062,69,1,1,1.019,1,1.019,1,1.019,1
HTGM,1.006,1.000,49980,0.530,0.042,56,1,0,1.006,0,1.006,0,1.006,0
HZNP,1.022,1.000,49500,0.282,0.019,26-33-41,1,1,1.022,1,1.022,1,1.022,1
IBTX,1.033,1.154,96000,0.279,0.024,34-35-48,1,0,1.033,0,1.033,0,1.033,0
ICBK,1.040,1.038,19293,0.215,0.017,39-117,1,10,1.040,10,1.040,10,1.045,355
ICPT,1.052,1.293,97000,0.318,0.029,8,1,2,1.052,2,1.052,2,1.052,2
IMDZ,1.054,1.012,60750,0.317,0.048,3-56,1,10,1.054,10,1.054,10,1.054,10
IMI,1.001,1.000,96500,0.229,0.112,7-19,1,0,1.001,0,1.001,0,1.001,0
INGN,1.008,1.000,70588,0.244,0.189,19,1,0,1.008,0,1.008,0,1.008,0
INOV,1.018,1.228,736888,1.000,0.122,2-7-18,1,0,1.018,0,1.018,0,1.018,0
INSY,1.052,1.062,34000,0.192,0.011,33-37,1,5,1.052,5,1.052,5,1.127,87
IPDN,1.034,0.991,20816,0.415,0.079,69-253,1,3,1.034,3,1.034,3,1.034,3
IPWR,1.048,1.050,15750,0.484,0.001,16-134,1,0,1.048,0,1.048,0,1.048,0
IRG,1.030,1.204,97211,0.233,0.120,1-4-39,1,6,1.043,21,1.043,21,1.053,271
IRMD,1.127,1.600,20160,0.194,0.035,14,1,0,1.127,0,1.127,0,1.127,0
ISTR,1.021,1.016,40911,0.422,0.015,34-117,1,5,1.021,5,1.021,5,1.021,5
ITEK,1.016,1.017,40668,0.420,0.035,4-41,1,0,1.016,0,1.016,0,1.016,0
IVTY,1.089,1.062,51000,0.315,0.039,4-26-56,1,9,1.176,16,1.192,37,1.192,37
JAGX,1.000,1.000,20020,0.352,0.023,31-69-92,1,0,1.000,0,1.000,0,1.001,98
JD,1.043,1.145,2037662,1.000,0.144,8-32,1,9,1.048,14,1.048,14,1.048,14
JIVE,1.091,1.260,203206,0.228,0.155,2-7,1,0,1.091,0,1.091,0,1.091,0
JRVR,1.008,1.015,234520,0.385,0.052,31-32-35-120,1,1,1.008,1,1.008,1,1.008,1
JYNT,1.076,1.018,19860,0.327,0.016,14-94,1,7,1.088,21,1.088,21,1.088,21
KANG,1.017,1.179,179929,1.000,0.074,8-32,1,1,1.045,14,1.045,14,1.045,14
KBIO,1.011,1.020,71400,0.363,0.007,56,1,0,1.011,0,1.011,0,1.011,0
KEYW,1.026,1.030,93730,0.383,0.022,5,1,9,1.026,9,1.027,60,1.229,330
KIN,1.165,1.250,65625,0.498,0.012,31-92,1,2,1.234,30,1.454,53,1.454,53
KITE,1.092,1.497,190875,0.203,0.092,1-3-41,1,10,1.148,16,1.148,16,1.198,302
KMDA,1.056,1.050,54207,0.163,0.054,3-7,1,10,1.056,10,1.056,10,1.056,10
KMPH,1.039,1.068,59818,0.378,0.034,10-41,1,3,1.049,18,1.049,18,1.049,18
KPTI,1.069,1.116,121448,0.237,0.131,8-56,1,8,1.069,8,1.069,8,1.069,8
KRNT,1.083,1.200,85200,0.247,0.049,17-18,1,3,1.083,3,1.146,57,1.222,120
KTWO,1.015,1.000,132375,0.238,0.083,4-17-37,1,2,1.015,2,1.015,2,1.015,2
KYTH,1.082,1.156,81356,0.253,0.054,2-19,1,6,1.114,13,1.114,13,1.114,13
LAND,1.022,1.011,50533,0.548,0.013,27-33,1,0,1.022,0,1.022,0,1.022,0
LDRH,1.050,1.233,92500,0.221,0.080,4-6,1,9,1.055,30,1.059,49,1.106,219
LENS,1.008,0.925,38541,0.313,0.150,3,1,2,1.008,2,1.008,2,1.008,2
LGIH,1.048,1.115,110340,0.464,0.096,19-21-33,1,6,1.048,6,1.049,35,1.052,298
LIFE,1.030,0.946,71020,0.238,0.148,18-19,1,10,1.081,22,1.101,57,1.133,297
LMNS,1.055,1.042,78125,0.660,0.115,1-2-3,1,9,1.070,19,1.070,19,1.070,19
LMRK,1.000,0.987,49687,0.564,0.077,10-38-39,1,0,1.000,0,1.011,52,1.018,282
LNCO,1.017,1.007,1111687,1.000,0.097,10-17-18-37,1,3,1.044,30,1.044,30,1.052,339
LNTH,1.078,1.020,66300,0.369,0.019,1-3-10-18-37,1,8,1.078,8,1.078,8,1.175,344
LOB,1.000,1.088,88800,0.143,0.056,34,1,0,1.000,0,1.001,43,1.051,306
LOCO,1.044,1.267,135714,0.199,0.209,3-7-39,1,2,1.044,2,1.044,2,1.284,334
LOXO,1.027,1.005,68768,0.330,0.023,26-41,1,0,1.027,0,1.027,0,1.027,0
LPLA,1.024,1.102,517479,0.146,0.092,2-7-8-19,1,7,1.024,7,1.024,7,1.024,7
MACK,1.030,0.893,89375,0.155,0.048,19,1,0,1.040,21,1.040,21,1.040,21
MB,1.002,1.159,115972,1.000,0.152,1-7-32,1,0,1.002,0,1.002,0,1.002,0
MBII,1.047,1.083,61750,0.260,0.030,3-4,1,0,1.047,0,1.047,0,1.058,319
MBUU,1.040,1.236,123571,0.703,0.100,37-38,1,0,1.040,0,1.040,0,1.041,307
MCEP,1.006,0.986,95850,0.306,0.029,10-37-38,1,8,1.006,8,1.008,39,1.017,320
MCFT,1.019,1.033,94107,0.353,0.108,37-38-39,1,5,1.019,5,1.041,39,1.041,39
MCOX,1.057,1.591,205499,0.029,0.137,1-32,1,0,1.057,0,1.057,0,1.057,0
MCRB,1.147,1.583,211770,0.196,0.120,2-8,1,5,1.172,20,1.206,36,1.804,247
MCUR,1.000,0.900,48150,0.331,0.058,1-3,1,0,1.000,0,1.000,0,1.000,0
MDWD,1.087,1.143,80000,0.246,0.143,1-3-31,1,4,1.087,4,1.087,4,1.100,316
MEMP,1.000,0.995,170100,0.560,0.116,18-37-38,1,0,1.005,13,1.005,13,1.005,13
MFRM,1.023,1.158,122222,0.168,0.139,6-17-32,1,3,1.023,3,1.036,47,1.045,334
MGNX,1.068,1.500,120000,0.208,0.121,8-56,1,9,1.100,14,1.100,14,1.100,14
MIK,1.008,1.000,472222,0.137,0.127,2-19,1,0,1.009,12,1.009,12,1.015,146
MKTO,1.021,1.538,121190,0.169,0.209,1-2,1,5,1.021,5,1.024,54,1.169,244
MMYT,1.057,1.571,110000,0.146,0.114,7,1,4,1.107,9,1.144,34,1.219,311
MOBI,1.167,0.750,43500,0.028,0.145,18,1,6,1.167,6,1.167,6,1.167,6
MOBL,1.124,1.111,111111,0.149,0.169,2-7-17-21,1,10,1.124,10,1.124,10,1.126,290
MOKO,1.061,1.100,9075,0.975,0.026,16-70,1,0,1.061,0,1.061,0,1.061,0
MOLG,1.036,0.860,145125,1.000,0.139,1-18-21-32,1,9,1.036,9,1.036,9,1.036,9
MOMO,1.087,1.056,228000,1.000,0.150,1-7-19-44,1,3,1.089,15,1.100,48,1.228,259
MRD,1.025,1.119,909928,0.222,0.117,17-18,1,10,1.045,14,1.056,53,1.069,100
MRKT,1.030,1.090,1398302,0.299,0.125,1-8-17-18,1,10,1.032,11,1.032,11,1.048,257
MRNS,1.020,1.000,45000,0.408,0.034,26-33,1,0,1.020,0,1.020,0,1.020,0
MTBC,1.000,1.000,20400,0.371,0.058,69-70-104,1,0,1.000,0,1.000,0,1.000,0
MTGE,1.015,0.950,152000,0.800,0.137,18-21-32-37,1,0,1.015,0,1.015,0,1.015,0
MTLS,1.000,1.000,96000,1.000,0.204,1-4,1,0,1.000,0,1.000,0,1.000,0
MTSI,1.105,1.005,114600,0.133,0.127,3-17-19,1,10,1.105,10,1.105,10,1.105,10
NCLH,1.016,1.321,590588,0.117,0.161,17-32,2,0,1.016,0,1.016,0,1.016,0
NCOM,1.067,1.079,35785,0.185,0.045,35,1,0,1.067,0,1.067,0,1.067,0
NDLS,1.178,1.778,171428,0.240,0.259,7-8-32,1,0,1.178,0,1.178,0,1.241,280
NDRM,1.000,0.945,42525,0.265,0.065,3-41,1,0,1.000,0,1.000,0,1.000,0
NEOS,1.015,1.215,87456,0.331,0.103,10-31-32,1,0,1.031,19,1.059,38,1.097,126
NERV,1.063,1.000,32727,0.298,0.077,3,1,6,1.063,6,1.063,6,1.063,6
NK,1.100,1.480,306656,0.105,0.135,3-4-8-18,1,0,1.100,0,1.100,0,1.100,0
NLNK,1.116,1.000,43400,0.301,0.024,11-26,1,2,1.116,2,1.116,2,1.116,2
NMIH,1.032,1.204,701349,0.900,0.002,,1,0,1.032,0,1.036,46,1.036,46
NRX,1.073,1.010,37572,0.350,0.019,69,1,0,1.073,0,1.073,0,1.073,0
NSTG,1.022,0.881,47574,0.370,0.000,7-19,1,7,1.022,7,1.022,7,1.022,7
NTEC,1.002,1.000,30150,0.497,0.005,13-14,1,0,1.002,0,1.002,0,1.003,357
NTRA,1.056,1.228,221000,0.206,0.189,4-7-41,1,7,1.056,7,1.056,7,1.102,120
NVET,1.039,0.912,36480,0.361,0.029,8-41,1,0,1.039,0,1.039,0,1.039,0
NVLS,1.057,1.179,90750,0.376,0.069,26-41,1,3,1.082,16,1.082,16,1.082,16
NXPI,1.069,0.929,442000,0.136,0.044,1-2-7,1,9,1.082,30,1.082,30,1.083,158
OCUL,1.005,1.000,65000,0.243,0.071,7-10-41,1,0,1.015,23,1.019,41,1.019,41
OLLI,1.014,1.417,202419,0.156,0.296,3-8-19,1,0,1.014,0,1.014,0,1.014,0
OMED,1.103,1.653,134880,0.177,0.082,3-56,1,0,1.103,0,1.103,0,1.103,0
ONCE,1.018,1.961,315700,0.298,0.177,1-19,1,1,1.018,1,1.018,1,1.151,280
ONTX,1.000,1.667,129166,0.251,0.043,18-56,1,0,1.000,0,1.000,0,1.000,0
OPGN,1.025,0.883,15105,0.266,0.013,13,1,0,1.025,0,1.025,0,1.025,0
OPHT,1.115,1.048,175256,0.252,0.121,7-19,1,10,1.167,11,1.167,11,1.167,11
ORPN,1.009,0.991,34880,0.225,0.085,12-14-69,1,0,1.009,0,1.009,0,1.009,0
OSN,1.056,1.000,22500,0.250,0.043,197-278,1,0,1.056,0,1.056,0,1.056,0
OTIC,1.007,1.133,113312,0.307,0.151,8-19,1,0,1.007,0,1.020,39,1.020,39
OXFD,1.114,1.167,75040,0.326,0.060,4-19,1,1,1.121,30,1.134,33,1.134,33
PACB,1.021,1.031,206250,0.249,0.062,7-19,1,9,1.023,14,1.023,14,1.023,14
PAHC,1.000,1.100,210298,0.731,0.091,7-8-17-54,1,0,1.015,22,1.015,22,1.030,301
PARN,1.025,0.925,46250,0.376,0.088,3-4,1,4,1.025,4,1.025,4,1.025,4
PBPB,1.144,2.047,214950,0.268,0.226,2-8,1,9,1.167,23,1.179,58,1.179,58
PCRX,1.036,1.000,42000,0.348,0.036,4-17,1,1,1.036,1,1.036,1,1.036,1
PCTY,1.000,1.824,218395,0.144,0.162,6-8-21,1,0,1.000,0,1.000,0,1.000,0
PEGI,1.008,1.095,385600,0.450,0.101,7-31-227,1,0,1.008,0,1.008,0,1.008,0
PETX,1.170,1.167,40250,0.290,0.003,26-80,1,11,1.300,18,1.300,18,1.300,18
PFMT,1.078,1.028,83250,0.199,0.098,2-7,1,8,1.124,17,1.124,17,1.168,298
PFPT,1.015,1.296,106650,0.213,0.098,1-21-42,1,0,1.015,0,1.015,0,1.015,0
PIH,1.062,1.000,15100,0.578,0.036,69,1,5,1.062,5,1.062,5,1.062,5
PINC,1.000,1.148,872710,1.000,0.113,8-19-37,1,0,1.000,0,1.000,0,1.013,339
PLAY,1.059,1.062,100000,0.150,0.160,3-4,1,0,1.059,0,1.084,47,1.084,47
PRAH,1.050,1.031,314918,0.296,0.077,3-18-32-116,1,3,1.051,22,1.063,57,1.099,166
PRMW,1.000,1.250,124999,0.438,0.083,26,1,0,1.000,0,1.000,0,1.000,0
PRQR,1.099,1.531,149250,0.338,0.070,21-56,1,0,1.099,0,1.099,0,1.099,0
PRSS,1.055,1.132,96750,0.265,0.169,3-19,1,4,1.055,4,1.055,4,1.055,4
PRTO,1.062,1.130,69043,0.407,0.006,26-33,1,0,1.062,0,1.062,0,1.062,0
PTCT,1.044,1.053,132277,0.354,0.081,1-19,1,8,1.063,13,1.070,42,1.101,125
PTLA,1.009,1.052,128447,0.249,0.070,1-7,1,0,1.009,0,1.009,0,1.009,0
PTXP,1.003,1.047,235687,0.562,0.102,10-17-18-87,1,0,1.003,0,1.003,0,1.003,0
PUB,1.045,1.087,39400,0.146,0.038,83,1,10,1.045,10,1.095,57,1.109,67
QIWI,1.019,1.000,212500,1.000,0.100,1-19,1,0,1.019,0,1.022,51,1.022,51
QLIK,1.104,1.200,134400,0.149,0.128,7-18-19,1,10,1.104,10,1.104,10,1.104,10
QLYS,1.042,1.000,90900,0.252,0.173,1-19,1,4,1.042,4,1.042,4,1.238,316
QUNR,1.234,1.890,314996,1.000,0.113,21-135,1,5,1.234,5,1.234,5,1.234,5
QURE,1.044,1.000,91800,0.307,0.135,3-56,1,0,1.044,0,1.044,0,1.044,0
RARE,1.048,2.181,263824,0.198,0.108,7-19,1,1,1.048,1,1.048,1,1.048,1
RCPT,1.011,1.071,78000,0.295,0.030,1-31-56,1,0,1.011,0,1.011,0,1.011,0
RDUS,1.051,1.004,52194,0.225,0.022,3-41,1,4,1.051,4,1.051,4,1.051,4
REGI,1.019,1.010,72720,1.000,0.062,4-32,1,5,1.019,5,1.019,5,1.019,5
REPH,1.049,1.066,31987,0.525,0.026,69,1,0,1.049,0,1.049,0,1.049,0
RESN,1.154,1.667,27000,0.416,0.003,134,1,0,1.154,0,1.154,0,1.154,0
RGLS,1.159,1.183,53212,0.330,0.002,31-41-80,1,0,1.159,0,1.159,0,1.159,0
RKDA,1.028,0.936,61418,0.190,0.029,1-4-19,1,0,1.028,0,1.028,0,1.028,0
RLYP,1.007,1.145,86241,0.239,0.048,7-8,1,0,1.007,0,1.007,0,1.007,0
RNET,1.000,1.000,60000,0.344,0.019,3-21,1,0,1.032,19,1.032,19,1.050,339
ROKA,1.004,1.000,60000,0.284,0.080,8-56,1,0,1.004,0,1.004,0,1.004,0
RP,1.021,1.182,159900,0.197,0.045,1-21,1,0,1.146,27,1.146,27,1.262,276
RPD,1.026,1.672,172537,0.171,0.280,7-17,1,1,1.026,1,1.026,1,1.026,1
RPXC,1.029,1.263,202330,0.183,0.172,2-17,1,0,1.029,0,1.029,0,1.029,0
RTRX,1.119,1.235,49411,0.204,0.005,3,1,4,1.119,4,1.119,4,1.143,389
RTTR,1.100,1.000,20000,0.514,0.046,69-70,1,0,1.100,0,1.100,0,1.100,0
RVNC,1.119,1.312,126000,0.338,0.101,4-41,1,6,1.236,23,1.258,45,1.294,265
RWLK,1.107,1.000,36000,0.264,0.275,3-17,1,5,1.699,25,1.858,60,2.500,176
SABR,1.023,1.049,658168,0.152,0.082,2-7-8-21,1,1,1.023,1,1.023,1,1.023,1
SAGE,1.111,1.500,135000,0.200,0.171,2-19,1,7,1.130,18,1.130,18,1.130,18
SALE,1.030,1.262,240909,0.206,0.104,1-2-7,1,0,1.051,26,1.060,47,1.074,198
SAMG,1.132,1.036,54613,1.000,0.003,34-38,1,6,1.132,6,1.132,6,1.132,6
SAVE,1.013,0.946,177060,0.217,0.069,7-18,2,7,1.020,14,1.024,33,1.029,138
SCAI,1.014,1.167,273777,0.256,0.145,18-19,1,8,1.019,16,1.019,16,1.019,16
SCTY,1.145,1.156,106375,0.157,0.042,1-2-8,1,6,1.149,25,1.234,59,1.373,116
SCYX,1.009,0.975,60450,0.733,0.034,10-11,1,0,1.009,0,1.009,0,1.009,0
SEDG,1.022,1.111,140000,0.184,0.171,2-21,1,0,1.035,23,1.035,23,1.149,198
SEMI,1.017,1.154,108000,0.306,0.074,2-21-37,1,0,1.017,0,1.033,39,1.069,74
SFBS,1.021,1.000,56875,0.076,0.038,34,1,0,1.021,0,1.021,0,1.021,0
SFM,1.114,1.944,647500,0.129,0.190,1-2,1,7,1.114,7,1.114,7,1.161,249
SFXE,1.030,1.000,260000,0.239,0.137,3-17-21-32,1,0,1.030,0,1.030,0,1.030,0
SGNL,1.080,0.925,7862,0.225,0.057,69,1,0,1.080,0,1.080,0,1.080,0
SGNT,1.036,1.141,104937,0.214,0.126,3-7-8,1,3,1.036,3,1.036,3,1.108,293
SIEN,1.020,1.175,88100,0.353,0.090,4-26,1,0,1.020,0,1.020,0,1.020,0
SKIS,1.021,1.000,90000,0.715,0.173,26-39-120,1,0,1.021,0,1.021,0,1.021,0
SKUL,1.017,1.150,217158,0.353,0.165,7-8,1,0,1.017,0,1.017,0,1.017,0
SKYS,1.030,1.032,45636,1.000,0.005,14-41-120,1,0,1.030,0,1.046,59,1.189,219
SMMT,1.035,1.012,34569,1.000,0.009,12-33,1,2,1.035,2,1.035,2,1.035,2
SMT,1.543,1.029,679525,0.876,0.062,7-21-227,1,0,1.543,0,1.543,0,1.543,0
SNC,1.000,1.002,368742,0.694,0.000,,1,0,1.005,17,1.005,17,1.005,17
SODA,1.030,1.238,134822,0.296,0.258,19-21,1,4,1.030,4,1.030,4,1.030,4
SPHS,1.010,0.980,63700,0.805,0.075,18-56,1,0,1.010,0,1.010,0,1.010,0
SPKE,1.021,1.000,54000,1.000,0.149,26-39,1,3,1.021,3,1.021,3,1.021,3
SPLK,1.000,1.882,432000,0.146,0.179,1-7-8-19,1,0,1.000,0,1.000,0,1.000,0
SPRO,1.029,0.946,72875,0.411,0.051,8-26-41,1,0,1.029,0,1.029,0,1.029,0
SPWH,1.026,1.000,118750,0.303,0.081,1-2,1,10,1.032,15,1.032,15,1.058,333
SQBK,1.021,1.111,115622,0.213,0.112,34-35,1,0,1.021,0,1.021,0,1.035,253
SQI,1.098,1.211,69000,0.295,0.075,26,1,5,1.117,28,1.117,28,1.196,195
SREV,1.026,1.365,162982,0.182,0.128,7-21,1,4,1.026,4,1.026,4,1.026,4
STCK,1.050,1.054,103320,0.269,0.110,2,1,9,1.050,9,1.050,9,1.050,9
STDY,1.010,0.948,37882,0.384,0.080,10-37,1,0,1.010,0,1.010,0,1.067,359
STML,1.091,1.100,36494,0.477,0.019,10-12-33-69,1,2,1.091,2,1.091,2,1.139,231
SUPN,1.078,1.300,65000,0.418,0.014,4-18,1,0,1.078,0,1.078,0,1.078,0
SYNC,1.108,1.150,39204,0.267,0.051,8-18-26,1,4,1.108,4,1.108,4,1.108,4
SYRX,1.000,1.000,19999,0.189,0.016,192-214,1,0,1.000,0,1.000,0,1.000,0
SZYM,1.063,1.111,219500,0.190,0.105,2-7,1,8,1.073,29,1.100,51,1.100,51
TANH,1.247,1.500,19200,0.148,0.001,60-114,1,8,1.583,25,1.583,25,1.583,25
TBK,1.006,1.015,81606,0.404,0.054,34-37-48,1,10,1.018,30,1.043,60,1.047,309
TCON,1.002,0.975,35100,0.298,0.000,26-37,1,5,1.002,5,1.005,57,1.005,57
TERP,1.019,1.330,667361,0.726,0.229,2-17-18,1,7,1.032,23,1.032,23,1.032,23
TFM,1.000,1.591,461125,0.275,0.254,2-8-19,1,0,1.000,0,1.000,0,1.000,0
TGEN,1.000,1.255,3860,0.041,0.001,200,1,0,1.000,0,1.000,0,1.131,161
THST,1.008,0.990,16038,1.000,0.006,91-94-147-240,1,7,1.008,7,1.008,7,1.008,7
TKAI,1.344,1.242,120722,0.297,0.052,6-26-31,1,8,1.610,20,1.610,20,1.610,20
TLMR,1.073,1.058,213888,0.222,0.107,19-35,1,1,1.073,1,1.073,1,1.073,1
TNDM,1.036,1.300,156000,0.374,0.119,4-8,1,0,1.036,0,1.036,0,1.036,0
TOUR,1.153,1.000,72000,1.000,0.066,1-7-44,1,10,1.160,20,1.160,20,1.182,195
TRIV,1.083,0.946,73775,0.336,0.054,1-19,1,10,1.091,25,1.091,25,1.216,276
TRNX,1.579,1.000,166250,0.228,0.098,8-19,1,-9,1.579,-9,1.579,-9,1.579,-9
TRUE,1.086,1.078,75417,0.109,0.096,2-10-19,1,10,1.109,29,1.109,29,1.109,29
TRVN,1.020,1.016,65767,0.359,0.049,3-17,1,0,1.020,0,1.020,0,1.020,0
TSC,1.018,1.087,71250,0.205,0.047,35-39-55,1,0,1.018,0,1.018,0,1.023,77
TSRO,1.000,1.037,84000,0.225,0.000,7-18-56,1,0,1.000,0,1.000,0,1.000,0
TTOO,1.003,1.450,82940,0.271,0.107,2-7,1,0,1.003,0,1.003,0,1.003,0
TTPH,1.042,1.029,77142,0.539,0.016,17-31,1,0,1.042,0,1.042,0,1.042,0
TUBE,1.056,1.286,56250,0.218,0.067,8-10-18,1,0,1.162,30,1.198,33,1.327,307
TWOU,1.002,1.000,119275,0.234,0.148,1-2,1,8,1.055,30,1.068,60,1.104,66
UBIC,1.039,1.033,9526,1.000,0.012,6-13-39-115,1,0,1.039,0,1.039,0,1.039,0
UBNT,1.061,1.100,116130,0.078,0.034,21-32-38,1,10,1.103,29,1.152,31,1.152,31
UPLD,1.000,0.917,42307,0.268,0.117,6-38,1,0,1.032,16,1.032,16,1.032,16
VA,1.065,1.174,360114,0.311,0.121,17-21,1,10,1.093,29,1.101,32,1.155,167
VBLT,1.018,1.003,40133,0.337,0.024,21,1,0,1.018,0,1.018,0,1.018,0
VBTX,1.000,1.077,37800,0.298,0.028,34-55,1,0,1.000,0,1.000,0,1.000,0
VCYT,1.015,1.000,65000,0.238,0.164,7-56,1,10,1.086,26,1.086,26,1.086,26
VGGL,1.000,0.956,33468,0.318,0.005,14-96,1,0,1.000,0,1.000,0,1.000,0
VIRT,1.029,1.211,380242,0.519,0.192,2-19-34,1,0,1.029,0,1.029,0,1.029,0
VKTX,1.115,1.062,25500,0.328,0.012,12-14-102,1,2,1.115,2,1.115,2,1.115,2
VNOM,1.057,1.212,157500,0.066,0.131,1-17-37,1,10,1.079,28,1.090,32,1.090,32
VRA,1.039,1.438,253000,0.272,0.134,4-39,1,0,1.042,30,1.054,33,1.293,312
VRNS,1.051,1.773,187200,0.201,0.262,3-7-10-17,1,8,1.062,29,1.078,55,1.230,295
VSAR,1.143,1.333,168000,0.258,0.146,7-18,1,7,1.172,28,1.267,42,1.296,129
VSTM,1.043,1.100,60500,0.272,0.021,32-56,1,2,1.043,2,1.043,2,1.043,2
VTAE,1.059,1.000,55000,0.396,0.032,26-31,1,0,1.059,0,1.059,0,1.059,0
VTL,1.020,1.021,55125,0.213,0.033,1-6-8,1,6,1.020,6,1.020,6,1.020,6
VTVT,1.000,0.933,109375,1.000,0.103,4-26,1,0,1.000,0,1.000,0,1.000,0
VWR,1.018,1.000,536172,0.200,0.097,2-8-19,1,8,1.018,8,1.018,8,1.018,8
WATT,1.136,1.583,38000,0.453,0.008,134,1,1,1.136,1,1.136,1,1.205,185
WHLR,1.000,1.190,25000,0.933,0.000,214-257-258,1,0,1.000,0,1.000,0,1.000,0
WIFI,1.052,0.926,72125,0.177,0.155,1-21,1,0,1.052,0,1.052,0,1.052,0
WING,1.049,1.605,176900,0.203,0.260,3-7-39,1,2,1.049,2,1.049,2,1.049,2
WIX,1.022,1.121,142450,0.210,0.223,8-10-19,1,0,1.022,0,1.022,0,1.022,0
WOWO,1.052,1.106,44240,1.000,0.010,58,1,0,1.052,0,1.052,0,1.052,0
WSTC,1.011,0.950,404225,0.255,0.090,2-7,1,0,1.011,0,1.011,0,1.018,108
XBIT,1.033,1.211,92000,0.126,0.017,91,1,0,1.076,24,1.076,24,1.103,90
XELB,1.000,1.011,16380,0.100,0.002,40,1,0,1.000,0,1.000,0,1.000,0
XENE,1.045,1.113,40080,0.295,0.013,3-37,1,0,1.045,0,1.045,0,1.153,177
XENT,1.034,1.200,66000,0.222,0.136,4-19,1,6,1.034,6,1.034,6,1.034,6
XGTI,1.071,1.002,7371,0.128,0.010,69-94,1,0,1.071,0,1.071,0,1.071,0
XLRN,1.082,1.233,103230,0.210,0.127,18-56,1,0,1.124,23,1.124,23,1.124,23
XNCR,1.066,1.082,75743,0.433,0.012,1-56,1,8,1.076,23,1.089,38,1.424,353
XNET,1.094,1.184,103946,1.000,0.123,18-19,1,3,1.094,3,1.094,3,1.094,3
XONE,1.054,1.314,125398,0.414,0.121,120,1,11,1.087,11,1.097,50,1.152,253
XOOM,1.046,1.312,132825,0.199,0.142,17-57,1,10,1.071,26,1.085,52,1.224,314
YDLE,1.062,1.350,101250,0.221,0.158,1-2-8,1,0,1.077,14,1.104,57,1.109,63
YECO,1.021,1.000,14062,0.190,0.055,16-58-59-60,1,0,1.021,0,1.021,0,1.021,0
YNDX,1.429,1.400,1826093,0.404,0.158,2-7-21,1,0,1.429,0,1.429,0,1.429,0
YY,1.094,1.000,81900,1.000,0.064,7-18-21,1,7,1.119,25,1.119,25,1.119,25
Z,1.000,3.000,207720,0.199,0.075,18,1,0,1.000,0,1.000,0,1.000,0
ZFGN,1.050,1.250,120000,0.275,0.071,41-56,1,0,1.050,0,1.050,0,1.050,0
ZGNX,1.070,1.250,70000,0.417,0.006,37-56,1,0,1.070,0,1.070,0,1.070,0
ZLTQ,1.045,1.105,100590,0.214,0.000,2-19,1,5,1.103,30,1.106,31,1.137,160
ZNGA,1.045,1.100,1100000,1.000,0.139,2-7,1,0,1.045,0,1.045,0,1.045,0
ZSAN,1.020,1.105,54720,0.381,0.022,14-43-96,1,0,1.020,0,1.020,0,1.020,0
ZSPH,1.023,1.512,161748,0.301,0.133,1-19,1,4,1.023,4,1.029,49,1.043,305
ZU,1.059,1.773,448500,1.000,0.152,2-8-18,1,2,1.059,2,1.059,2,1.059,2
AAC,1.005,1.333,100000,0.242,0.061,6-37-38,2,0,1.005,0,1.005,0,1.005,0
AAT,1.022,1.050,592075,0.785,0.050,7-8-37,2,0,1.022,0,1.022,0,1.022,0
ACRE,1.011,0.973,138600,0.834,0.080,8-18-19-37,2,0,1.011,0,1.011,0,1.011,0
ADPT,1.039,1.144,123284,0.523,0.162,2-21,2,3,1.039,3,1.039,3,1.063,141
AGRO,1.116,0.977,307142,0.247,0.102,1-7-22,2,10,1.116,10,1.116,10,1.127,99
AHH,1.005,1.006,191194,0.990,0.000,26-38-39,2,1,1.005,1,1.007,35,1.007,35
AJX,1.000,1.000,71250,0.334,0.078,49-117-120,2,0,1.000,0,1.000,0,1.000,0
AL,1.008,1.028,825212,0.323,0.114,1-19,2,3,1.016,15,1.028,54,1.042,90
ALLY,1.022,0.970,2303750,0.197,0.046,2-7-17-18-19,2,9,1.022,9,1.022,9,1.022,9
ALSN,1.007,1.000,600300,0.144,0.117,8-18-19,2,0,1.010,30,1.010,30,1.022,181
AM,1.009,1.220,1220000,0.527,0.148,17-18-37,2,0,1.009,0,1.009,0,1.009,0
AMBR,1.023,1.346,129352,0.298,0.106,26,2,0,1.023,0,1.023,0,1.023,0
AMC,1.027,1.066,353315,0.974,0.107,8-18,2,2,1.027,2,1.032,38,1.032,38
AMH,1.029,0.974,687794,0.248,0.071,2-8-19-37-120,2,11,1.041,12,1.041,12,1.074,115
AMID,1.016,1.000,78750,0.829,0.099,8-18,2,0,1.016,0,1.016,0,1.016,0
AMRC,1.063,1.025,89142,0.388,0.036,8,2,3,1.063,3,1.063,3,1.063,3
AMTG,1.005,0.950,190000,0.974,0.111,1-7-19,2,0,1.005,0,1.005,0,1.005,0
ANET,1.053,1.285,290062,0.083,0.218,7-18,2,9,1.054,12,1.054,12,1.086,80
ANFI,1.009,1.000,90000,0.252,0.181,21-32,2,0,1.024,21,1.024,21,1.024,21
APAM,1.031,1.173,389106,1.000,0.132,2-18,2,9,1.033,24,1.033,24,1.122,339
APO,1.016,0.984,556466,0.246,0.126,2-8-19,2,0,1.016,0,1.016,0,1.016,0
APTS,1.000,1.000,45000,0.893,0.006,40,2,0,1.000,0,1.000,0,1.000,0
AR,1.016,1.231,1934508,0.137,0.145,17-18-19,2,0,1.016,0,1.016,0,1.016,0
ARCO,1.025,1.235,1543167,0.567,0.116,7-8-18-19-22,2,0,1.026,16,1.036,46,1.048,82
ARCX,1.018,1.000,114000,0.987,0.071,17-18,2,0,1.018,0,1.018,0,1.018,0
ARES,1.012,0.955,206249,0.141,0.075,8-19,2,10,1.016,30,1.026,49,1.033,370
ARMK,1.025,1.012,734062,0.158,0.073,1-2-7-19,2,8,1.066,27,1.106,48,1.157,334
ARPI,1.000,1.000,287710,0.426,0.029,3-7-8-120,2,0,1.000,0,1.000,0,1.000,0
ASC,1.015,0.964,135000,0.554,0.074,3-7-47,2,2,1.015,2,1.015,2,1.015,2
ASPN,1.011,1.000,82500,0.326,0.036,17-18-19,2,0,1.011,0,1.011,0,1.011,0
ATEN,1.182,0.917,171875,0.212,0.120,7-8-19,2,10,1.199,28,1.200,35,1.200,35
ATHM,1.040,1.774,235851,1.000,0.187,21-135,2,2,1.040,2,1.040,2,1.042,267
ATTO,1.018,0.917,137500,0.136,0.097,1-7-22-142,2,0,1.018,0,1.018,0,1.018,0
AVAL,1.013,1.000,1100000,0.004,0.058,2-19,2,3,1.013,3,1.019,45,1.019,117
AVG,1.050,0.846,108240,0.147,0.155,2-7-19,2,4,1.050,4,1.050,4,1.050,4
AVOL,1.010,0.963,262499,0.168,0.085,7-18-19,2,0,1.010,0,1.010,0,1.010,0
AXON,1.145,1.395,439530,0.219,0.021,3-10-48,1,10,1.215,13,1.215,13,1.489,346
AXTA,1.000,1.074,1047000,0.218,0.090,2-18-19-21,2,0,1.000,0,1.000,0,1.000,0
BABA,1.618,1.363,29673835,1.000,0.150,1-2-7-18-19-21-135,2,0,1.618,0,1.618,0,1.618,0
BAH,1.060,1.015,241640,0.116,0.044,7-17,2,3,1.103,22,1.103,22,1.134,163
BCC,1.022,1.211,299294,0.284,0.220,2-8,2,0,1.040,29,1.051,33,1.051,33
BCEI,1.000,0.912,155000,0.253,0.171,1-7,2,0,1.000,0,1.000,0,1.000,0
BCRH,1.002,0.972,121562,0.714,0.181,17-21-32-35,2,0,1.002,0,1.002,0,1.002,0
BERY,1.011,0.953,448529,0.261,0.070,8-17-18-21-39-233,2,1,1.011,1,1.011,1,1.011,1
BFAM,1.022,1.261,280275,0.161,0.171,2-17-19,2,8,1.027,22,1.027,22,1.043,181
BITA,1.074,1.000,127200,0.257,0.114,18-32,2,6,1.132,23,1.132,23,1.132,23
BKFS,1.014,1.071,472500,0.276,0.200,8-19-37,2,4,1.014,4,1.019,35,1.042,349
BKU,1.000,1.093,855500,0.299,0.097,7-8,2,-1,1.000,-1,1.000,-1,1.000,-1
BLOX,1.036,1.406,168750,0.170,0.144,2-7,2,7,1.038,11,1.038,11,1.038,11
BNK,1.023,1.035,46315,0.165,0.026,35-38,2,0,1.023,0,1.023,0,1.023,0
BOOT,1.020,1.188,95000,0.201,0.262,3-4-19,2,1,1.026,16,1.026,16,1.026,16
BOX,1.089,1.443,252500,1.000,0.262,1-7-19,2,10,1.224,19,1.224,19,1.224,19
BRSS,1.070,1.068,82250,0.332,0.054,2-7,2,10,1.134,15,1.134,15,1.191,298
BRX,1.010,1.032,851812,0.185,0.079,8-18-19-37,2,5,1.010,5,1.010,5,1.010,5
BSM,1.016,1.008,430874,0.237,0.047,8-17-18,2,4,1.016,4,1.016,4,1.016,4
BURL,1.033,1.356,307333,0.186,0.256,7-8-19-37,2,5,1.033,5,1.038,38,1.113,303
CBPX,1.056,1.047,172474,0.267,0.055,1-18,2,9,1.074,18,1.074,18,1.091,340
CCG,1.011,1.000,354166,0.997,0.033,2-10-17-18-38,2,0,1.011,0,1.011,0,1.011,0
CCS,1.017,1.000,103040,0.209,0.124,19-21-120,2,0,1.017,0,1.017,0,1.017,0
CCSC,1.058,1.515,125000,0.050,0.151,1-8,2,9,1.058,9,1.058,9,1.058,9
CELP,1.006,1.000,75000,0.634,0.046,26-31-38-39,2,0,1.028,22,1.040,57,1.087,350
CFG,1.016,1.000,3010000,0.250,0.090,2-7,2,10,1.035,14,1.045,58,1.080,347
CHCT,1.007,1.000,118750,0.951,0.020,5-34-48,2,0,1.010,26,1.021,52,1.039,383
CHGG,1.023,0.880,165000,0.184,0.234,8-19,2,0,1.023,0,1.023,0,1.023,0
CHKR,1.000,1.000,380000,0.570,0.084,7-38,2,0,1.000,0,1.000,0,1.000,0
CHMI,1.014,0.925,120250,0.867,0.150,7-17-18-32,2,0,1.037,14,1.038,51,1.038,51
CIO,1.000,1.000,72500,0.724,0.029,12-27-40,2,0,1.000,0,1.000,0,1.007,268
CIVI,1.011,1.000,198900,0.317,0.082,3-8-17-32,2,0,1.011,0,1.011,0,1.011,0
CJES,1.033,1.034,345000,0.222,0.172,2-18-19,2,0,1.048,30,1.058,53,1.072,133
CMCM,1.042,1.089,183000,1.000,0.072,1-7-19,2,9,1.077,17,1.077,17,1.077,17
CMRE,1.010,1.000,159600,0.221,0.065,7-8,2,0,1.010,0,1.010,0,1.010,0
CNNX,1.023,1.295,498750,0.600,0.134,8-18-19-37-39,2,4,1.023,4,1.032,35,1.067,364
CNXC,1.032,1.000,75000,0.431,0.070,8-37,2,6,1.041,13,1.041,13,1.041,13
COR,1.014,1.000,270400,0.988,0.069,8-10-18,2,8,1.022,30,1.022,32,1.034,169
COTY,1.001,1.000,999999,0.791,0.170,7-8-19-228,2,0,1.001,0,1.001,0,1.001,0
COUP,1.133,1.697,285075,0.144,0.136,2-8-10-110,1,6,1.149,23,1.149,23,1.215,306
CPAC,1.000,1.000,230000,0.039,0.039,19,2,0,1.000,0,1.000,0,1.000,0
CPPL,1.009,1.217,1310719,1.000,0.147,8-17-18,2,0,1.009,0,1.009,0,1.009,0
CRCM,1.061,1.248,113473,0.180,0.169,7-8-19,2,5,1.092,29,1.096,32,1.150,263
CSLT,1.078,2.344,416250,1.000,0.131,2-7,2,10,1.119,18,1.119,18,1.119,18
CSTM,1.019,0.900,299999,0.218,0.050,2-19-21-95,2,3,1.048,30,1.056,50,1.085,331
CTLT,1.007,0.976,850000,0.362,0.070,7-19,2,0,1.007,0,1.012,58,1.016,76
CTT,1.014,1.000,142105,0.755,0.027,26-38-39,2,0,1.014,0,1.014,0,1.014,0
CVRR,1.018,1.010,606000,0.163,0.080,1-18,2,10,1.025,27,1.025,27,1.025,27
CVT,1.034,1.810,212800,0.145,0.204,2-7,2,8,1.034,8,1.034,8,1.034,8
CYNI,1.084,0.914,80400,0.180,0.121,2-19,2,5,1.084,5,1.105,57,1.121,354
DANG,1.061,1.531,416500,0.044,0.139,1-7,2,0,1.224,27,1.224,27,1.261,371
DATA,1.057,1.516,385400,1.000,0.151,2-7,2,7,1.064,19,1.064,19,1.110,335
DEA,1.012,1.083,195000,0.536,0.043,10-18-38,2,0,1.012,0,1.012,0,1.012,0
DKL,1.027,1.100,184880,0.667,0.068,8-17,2,0,1.027,0,1.027,0,1.027,0
DLNG,1.024,0.944,212500,0.834,0.121,1,2,10,1.035,14,1.041,60,1.065,357
DLPH,1.024,0.966,511675,0.073,0.092,2-19,2,9,1.030,29,1.032,43,1.032,43
DM,1.089,1.071,393750,0.547,0.137,17-18-19,2,8,1.147,29,1.156,38,1.244,345
DMD,1.064,1.382,209150,0.109,0.122,2-7,2,1,1.064,1,1.064,1,1.064,1
DOC,1.013,1.000,119999,0.977,0.013,12-27-33-40-46,2,0,1.015,25,1.015,25,1.015,25
DPLO,1.008,1.231,213333,0.264,0.134,1-7,2,0,1.031,24,1.048,60,1.109,62
DQ,1.063,1.051,79840,0.047,0.023,7,2,7,1.063,7,1.075,34,1.075,34
DRII,1.013,1.040,225680,0.211,0.049,1,2,4,1.030,15,1.030,15,1.115,382
DWRE,1.030,1.578,138875,0.196,0.166,2-21,2,0,1.030,0,1.030,0,1.030,0
EARN,1.012,0.950,122550,0.706,0.146,1-21,2,7,1.024,29,1.024,29,1.024,29
ECOM,1.080,1.257,101200,0.281,0.101,2-26,2,6,1.106,28,1.106,28,1.123,174
ECR,1.007,1.000,818100,0.189,0.097,2-7-18,2,0,1.007,0,1.007,0,1.007,0
ECT,1.012,1.000,176050,0.667,0.026,18-38,2,2,1.012,2,1.012,2,1.012,2
EFC,1.019,0.956,96750,0.273,0.141,21,2,0,1.019,0,1.023,44,1.027,93
EHIC,1.002,1.012,121400,1.000,0.000,19-21-135,2,0,1.002,0,1.002,0,1.002,0
ELLI,1.133,1.000,45000,0.368,0.075,17,2,0,1.133,0,1.133,0,1.197,317
EMES,1.003,0.994,126749,0.323,0.125,8-18-19-37,2,0,1.015,27,1.015,27,1.015,27
ENBL,1.007,1.075,537500,0.120,0.109,2-7-17,2,10,1.026,30,1.045,55,1.080,94
ENV,1.090,1.039,65450,0.227,0.037,7-17-32,2,6,1.096,24,1.096,24,1.122,92
EPAM,1.050,1.146,82500,0.146,0.098,17-18-32-245-246,2,11,1.081,22,1.095,38,1.095,38
EPE,1.005,0.995,700480,0.144,0.119,1-19,2,0,1.005,0,1.005,0,1.005,0
EQGP,1.048,1.185,736000,0.086,0.212,2-17,2,7,1.048,7,1.048,7,1.048,7
EQM,1.022,1.095,287500,0.721,0.133,17-18,2,3,1.027,25,1.027,25,1.043,374
EROS,1.027,1.009,55500,0.217,0.011,3-7-8-21-32,2,0,1.027,0,1.027,0,1.027,0
ESNT,1.005,1.294,433622,0.236,0.186,2-17-19,2,0,1.005,0,1.005,0,1.005,0
ESRT,1.027,1.004,933075,0.790,0.084,2-8,2,10,1.032,28,1.034,44,1.034,44
EURN,1.017,0.980,195120,0.110,0.045,7-18-19-21,2,0,1.024,19,1.026,54,1.026,54
EVA,1.060,1.000,200000,0.840,0.096,2-10-17-18,2,8,1.072,21,1.072,21,1.123,369
EVDY,1.017,1.036,103675,0.241,0.131,1-18-19,2,0,1.017,0,1.017,0,1.017,0
EVGN,1.065,1.051,77500,0.208,0.016,1-21,1,0,1.065,0,1.065,0,1.145,372
EVH,1.014,1.059,207000,0.289,0.172,2-19,2,0,1.042,23,1.076,54,1.107,95
EVHC,1.017,1.098,1060500,0.241,0.096,2-8-17-18,2,2,1.017,2,1.017,2,1.017,2
EVTC,1.007,1.093,552000,0.319,0.171,2-19,2,2,1.007,2,1.007,2,1.007,2
EXAM,1.045,1.047,172525,0.338,0.121,1-2-17,2,0,1.045,0,1.045,0,1.045,0
FCB,1.024,0.932,154160,0.224,0.136,8-19-21,2,9,1.024,9,1.024,9,1.034,73
FELP,1.010,1.000,350000,0.270,0.125,7-17-18,2,0,1.010,0,1.010,0,1.010,0
FENG,1.050,1.009,141719,0.044,0.044,7-21-54,2,1,1.288,17,1.306,48,1.359,374
FET,1.018,1.125,426315,0.224,0.109,19,2,0,1.018,0,1.018,0,1.018,0
FGL,1.000,1.118,185250,0.172,0.060,1-3-19,2,0,1.000,0,1.000,0,1.005,372
FI,1.037,1.239,817500,0.201,0.089,1-17-100,2,10,1.050,12,1.050,12,1.050,12
FIT,1.049,1.520,1111880,1.000,0.199,7-8-21,2,2,1.049,2,1.049,2,1.049,2
FLT,1.016,1.087,316875,0.161,0.109,2-19,2,10,1.060,30,1.150,51,1.150,51
FLTX,1.041,1.350,179296,0.227,0.132,8-17,2,0,1.041,0,1.041,0,1.041,0
FMSA,1.019,1.034,413750,0.156,0.087,7-17-37,2,2,1.026,19,1.026,19,1.026,19
FSB,1.009,1.000,55440,0.252,0.036,8,2,0,1.009,0,1.009,0,1.009,0
FSL,1.026,1.056,826500,0.181,0.099,18-21,2,5,1.026,5,1.026,5,1.026,5
FTAI,1.028,0.941,320000,0.272,0.076,8-17-18-21,2,5,1.031,15,1.031,15,1.060,247
FXCM,1.011,1.071,225900,1.000,0.074,1-18-19,2,7,1.023,28,1.023,28,1.023,28
GCAP,1.022,1.006,81450,0.289,0.063,7-21,2,3,1.022,3,1.022,3,1.022,3
GDDY,1.026,1.307,601450,0.372,0.150,7-18-19,2,0,1.026,0,1.026,0,1.026,0
GDOT,1.039,1.199,196679,0.674,0.162,7-19,2,0,1.039,0,1.039,0,1.041,338
GI,1.082,0.967,92075,0.259,0.173,8-19,2,8,1.115,18,1.115,18,1.225,336
GIMO,1.112,1.215,155790,0.229,0.279,1-2-8,2,7,1.131,27,1.131,27,1.234,368
GKOS,1.031,1.617,174660,0.198,0.177,2-8-19,2,0,1.031,0,1.031,0,1.097,365
GLOB,1.003,1.295,75757,0.175,0.057,1-18-19,2,10,1.003,10,1.003,10,1.003,10
GLOG,1.031,0.893,293750,0.374,0.055,2-18,2,1,1.031,1,1.031,1,1.067,210
GLOP,1.032,1.214,214200,0.855,0.108,1-18-37,2,5,1.035,12,1.044,58,1.046,63
GM,1.028,1.061,16730000,0.319,0.079,7-8-18-19,2,4,1.028,4,1.028,4,1.028,4
GMED,1.061,1.092,109166,0.133,0.014,2-4-8,2,10,1.095,12,1.095,12,1.118,204
GNC,1.005,1.038,373500,0.257,0.091,2-19,2,0,1.005,0,1.005,0,1.039,243
GNRT,1.035,0.911,191250,0.188,0.104,3-18-32-48,2,3,1.035,3,1.035,3,1.039,209
GPRK,1.001,0.963,90990,0.235,0.020,19-22-144-218,2,0,1.001,0,1.001,0,1.001,0
GRAM,1.021,1.010,417069,0.030,0.049,1-7-19-144,2,5,1.028,28,1.028,28,1.028,28
GRUB,1.020,1.538,296224,0.094,0.153,7-18,2,0,1.020,0,1.020,0,1.020,0
GWB,1.003,1.000,288000,0.276,0.062,8-21,2,8,1.024,22,1.024,22,1.024,22
GWRE,1.040,1.288,148237,0.181,0.158,18-19-21,2,6,1.040,6,1.048,51,1.075,215
GZT,1.023,0.972,78750,0.055,0.100,18-21,2,10,1.030,19,1.030,19,1.030,19
HASI,1.025,0.928,154666,0.881,0.040,8-32-37,2,0,1.025,0,1.025,0,1.025,0
HCA,1.010,1.040,3937440,0.245,0.093,8-18-19,2,0,1.010,0,1.010,0,1.010,0
HCC,1.039,0.921,291666,0.312,0.125,1-7-18,2,2,1.054,23,1.054,23,1.071,83
HCLP,1.067,1.000,191250,0.825,0.095,7-17,2,10,1.067,10,1.067,10,1.185,351
HIFR,1.008,1.158,532800,0.454,0.000,8-18,2,10,1.009,14,1.010,46,1.021,212
HIVE,1.104,0.895,67125,0.172,0.167,2-8,2,8,1.104,8,1.104,8,1.185,228
HLT,1.100,1.065,2505745,0.119,0.086,2-7-8-21,2,0,1.100,0,1.100,0,1.100,0
HMLP,1.011,1.100,211200,0.730,0.149,7-8-18,2,4,1.011,4,1.011,4,1.018,308
HRTG,1.029,1.050,69300,0.208,0.026,18-34,2,0,1.029,0,1.029,0,1.029,0
HUBS,1.001,1.318,164750,0.165,0.215,7-19-32,2,0,1.001,0,1.001,0,1.001,0
I,1.042,0.944,328502,0.184,0.057,2-7-8-19,2,6,1.064,28,1.096,49,1.176,65
IBP,1.032,1.118,91635,0.253,0.130,21-32,2,1,1.052,22,1.052,22,1.052,22
ICD,1.015,1.000,110000,0.438,0.065,7-10-17-87,2,0,1.015,0,1.015,0,1.015,0
ICL,1.020,1.014,427122,0.047,0.060,7-17,2,5,1.028,21,1.028,21,1.028,21
IFT,1.014,1.000,179166,0.822,0.060,120,2,0,1.014,0,1.014,0,1.016,76
IL,1.004,1.000,143000,0.223,0.063,1-7-21,2,0,1.004,0,1.004,0,1.004,0
IMPR,1.029,1.133,85000,0.219,0.158,4-19,2,0,1.029,0,1.029,0,1.029,0
IMPV,1.022,1.278,115000,0.226,0.121,19-21,1,9,1.075,25,1.092,47,1.092,47
IMS,1.026,1.109,1441700,0.196,0.073,2-7-19,2,0,1.028,30,1.034,31,1.068,352
INN,1.005,1.015,257400,0.953,0.048,10-21-39,2,0,1.005,0,1.007,55,1.007,55
INVN,1.048,1.107,83000,0.126,0.087,2-7,2,10,1.054,13,1.054,13,1.136,132
INXN,1.068,1.115,295441,0.314,0.123,8-17-18,2,0,1.068,0,1.068,0,1.068,0
IPHI,1.057,1.250,102000,0.283,0.097,3-7-21,2,6,1.057,6,1.057,6,1.080,278
JCAP,1.020,1.002,100250,0.951,0.012,38-39-40,2,2,1.020,2,1.020,2,1.020,2
JGW,1.002,0.955,130357,0.999,0.090,1-17,2,7,1.002,7,1.002,7,1.002,7
JMEI,1.038,1.239,303565,1.000,0.121,1-19-135,2,3,1.038,3,1.038,3,1.038,3
JMI,1.003,0.988,143187,0.967,0.169,1-17-18-21,2,0,1.003,0,1.003,0,1.003,0
JONE,1.015,0.936,175500,1.000,0.075,17-19-37,2,3,1.021,27,1.026,33,1.026,33
JP,1.076,1.041,55173,1.000,0.055,1-44,2,10,1.110,12,1.110,12,1.110,12
JPEP,1.010,1.025,281875,0.755,0.088,8-17-21,2,0,1.010,0,1.010,0,1.010,0
KING,1.098,0.911,455100,0.070,0.228,1-8-19,2,2,1.098,2,1.098,2,1.098,2
KMI,1.009,1.057,3026291,1.000,0.073,2-17,2,5,1.014,14,1.014,14,1.014,14
KNOP,1.000,1.095,171350,0.870,0.101,8-17-18,2,0,1.000,0,1.000,0,1.000,0
KORS,1.009,1.250,1180000,0.247,0.175,2-7-19,2,0,1.009,0,1.009,0,1.009,0
KOS,1.010,1.083,643500,0.088,0.055,1-17-18,2,0,1.010,0,1.010,0,1.010,0
LADR,1.012,0.971,218625,0.273,0.082,8-18-19-21-37,2,4,1.012,4,1.014,49,1.030,365
LC,1.028,1.650,1428075,0.160,0.100,2-7,2,2,1.028,2,1.028,2,1.028,2
LEJU,1.014,1.080,108000,1.000,0.070,1-19-54,2,0,1.014,0,1.014,0,1.111,379
LITB,1.120,1.175,92628,1.000,0.087,1-26,2,8,1.120,8,1.120,8,1.137,289
LNKD,1.120,1.844,650720,1.000,0.287,7-8-19,2,3,1.120,3,1.120,3,1.478,108
LOCK,1.054,0.931,131566,0.182,0.148,2-8-21,2,6,1.056,26,1.056,26,1.079,170
LPG,1.008,1.000,134999,0.125,0.052,19-32,2,0,1.008,0,1.016,47,1.016,47
LPI,1.032,1.015,301875,0.140,0.073,19,2,4,1.038,26,1.038,26,1.055,232
LQ,1.005,0.985,640687,0.309,0.102,7-19,2,0,1.018,29,1.029,45,1.066,269
LRE,1.011,1.000,178752,0.601,0.052,37,2,0,1.011,0,1.011,0,1.011,0
LXFR,1.063,1.100,88000,1.000,0.033,1-3,2,9,1.063,9,1.063,9,1.084,115
LXFT,1.007,1.224,85115,0.792,0.000,1-19-32,2,2,1.007,2,1.012,52,1.043,190
MANU,1.011,1.004,234166,0.420,0.139,1-3-19,2,0,1.011,0,1.011,0,1.011,0
MBLY,1.077,1.440,1281204,0.168,0.135,2-7,2,3,1.077,3,1.088,58,1.094,65
MC,1.008,1.080,175500,0.455,0.095,2-7,2,1,1.008,1,1.008,1,1.008,1
MCRN,1.009,0.975,278571,0.215,0.080,8-17-19,2,0,1.036,30,1.048,40,1.048,40
MDLY,1.026,0.944,101939,1.000,0.079,1-2,2,0,1.026,0,1.026,0,1.026,0
MEP,1.016,0.944,314500,0.818,0.083,8-17-18,2,0,1.026,19,1.026,19,1.029,378
MITT,1.005,0.975,107250,0.595,0.074,10-21-26,2,8,1.010,23,1.012,34,1.012,34
MIXT,1.012,1.250,125921,1.000,0.074,6-38,2,0,1.012,0,1.012,0,1.012,0
MM,1.116,1.923,255000,0.136,0.201,2-7-17,2,2,1.116,2,1.116,2,1.116,2
MMI,1.034,1.117,80400,0.168,0.052,2-18,2,10,1.063,14,1.063,14,1.101,161
MN,1.019,1.000,150000,1.000,0.063,8,2,0,1.028,23,1.037,60,1.042,63
MODN,1.044,1.310,136822,0.314,0.238,19-21,2,10,1.096,26,1.096,26,1.096,26
MPG,1.016,1.017,152500,0.149,0.059,2-8-21,2,0,1.016,0,1.016,0,1.016,0
MPLX,1.029,1.159,441150,0.468,0.123,7-8-32,2,8,1.029,8,1.034,60,1.085,322
MPO,1.045,1.019,318000,0.366,0.039,2-7-37,2,2,1.045,12,1.057,59,1.148,352
MRC,1.019,0.976,465909,0.224,0.069,2-17,2,10,1.021,14,1.039,48,1.039,48
MRIN,1.050,1.357,142500,0.243,0.124,2-21,2,1,1.050,1,1.050,1,1.050,1
MTDR,1.000,0.979,156666,0.244,0.065,10-18,2,0,1.010,30,1.010,30,1.013,73
MX,1.039,1.000,133000,0.241,0.037,2-17-21,2,10,1.044,14,1.044,14,1.044,14
MXPT,1.022,0.957,71500,0.254,0.130,2-21-42,2,0,1.022,0,1.022,0,1.022,0
MYCC,1.012,1.089,274500,0.282,0.085,2-3-18,2,0,1.012,0,1.012,0,1.012,0
NADL,1.041,0.919,114864,0.056,0.068,2-7-17,2,10,1.055,24,1.056,37,1.056,37
NAO,1.071,0.875,82352,0.261,0.080,1-7-19-65-67,2,9,1.094,30,1.099,50,1.121,365
NAP,1.023,0.880,106920,0.867,0.116,1-8-18-19,2,8,1.036,23,1.053,38,1.053,38
NBHC,1.000,1.052,144787,0.155,0.061,2-35,2,0,1.000,0,1.000,0,1.000,0
NDRO,1.005,0.989,287100,0.400,0.137,2-10-17-18-37,2,0,1.005,0,1.005,0,1.005,0
NEFF,1.070,0.983,154523,1.000,0.128,3-4-7,2,5,1.070,5,1.070,5,1.070,5
NEP,1.020,1.302,528937,1.000,0.100,2-7-8,2,0,1.020,0,1.020,0,1.020,0
NEWR,1.083,1.311,150800,0.109,0.194,7-19,2,7,1.093,25,1.116,57,1.169,342
NGL,1.012,1.000,73500,0.411,0.075,10-37,2,0,1.012,0,1.019,43,1.023,66
NGVC,1.043,1.200,128571,0.328,0.158,4-5,2,3,1.043,3,1.043,3,1.043,3
NLSN,1.010,1.076,1767857,0.205,0.089,7-19,2,10,1.024,25,1.026,56,1.042,331
NMBL,1.013,1.481,248800,0.114,0.209,2-7,2,0,1.027,29,1.027,29,1.130,245
NOAH,1.029,1.250,126000,0.307,0.129,8-19,2,0,1.051,29,1.059,57,1.147,87
NORD,1.021,1.094,332500,0.200,0.122,1-2-19,2,0,1.021,0,1.034,58,1.068,79
NOW,1.006,1.319,276687,0.097,0.131,7-18-21,2,1,1.006,1,1.006,1,1.042,364
NPTN,1.032,1.273,105000,0.319,0.118,8-21,2,8,1.032,8,1.032,8,1.032,8
NSA,1.023,1.000,260000,0.475,0.095,3-7-37,2,9,1.031,30,1.038,57,1.040,69
NSLP,1.002,1.000,80000,0.777,0.065,26-39,2,0,1.002,0,1.002,0,1.002,0
NSM,1.024,0.969,226166,0.192,0.074,1-8-18-37,2,5,1.024,5,1.024,5,1.061,363
NTI,1.049,0.976,221975,0.221,0.090,2-8-17,2,9,1.050,20,1.050,20,1.064,362
NVGS,1.035,1.074,244799,0.217,0.096,3-7,2,0,1.035,0,1.035,0,1.035,0
NVRO,1.079,1.300,163800,0.297,0.134,7-19,2,10,1.100,18,1.100,18,1.122,343
NVTA,1.019,1.094,111125,0.206,0.210,19,2,4,1.019,4,1.019,4,1.019,4
NWHM,1.022,1.045,89843,0.475,0.050,1-18-19,2,7,1.055,22,1.055,22,1.120,372
NYLD,1.006,1.216,523631,1.000,0.188,2-8-18,2,4,1.009,24,1.029,59,1.036,312
OAK,1.012,0.953,362563,0.289,0.094,2-7,2,6,1.018,20,1.018,20,1.038,206
OAKS,1.017,0.967,58483,0.546,0.113,1-17-32-35,2,9,1.017,9,1.017,9,1.017,9
OCIP,1.020,0.958,301875,0.217,0.153,8-17-18,2,10,1.035,27,1.040,37,1.170,380
OCIR,1.026,0.961,91250,0.511,0.151,2-18,2,6,1.026,6,1.026,6,1.026,6
OEC,1.032,0.989,347100,0.327,0.119,2-7,2,1,1.032,1,1.032,1,1.032,1
OMAM,1.000,1.000,308000,0.183,0.056,1-7-8-18,2,0,1.000,0,1.000,0,1.036,96
ONDK,1.042,1.325,265000,0.151,0.191,3-7-8-19-21,2,7,1.042,7,1.057,56,1.057,56
OOMA,1.028,0.931,60500,0.295,0.067,1-8,2,1,1.028,1,1.028,1,1.028,1
OPWR,1.040,1.316,152500,0.129,0.116,2-7,2,0,1.040,0,1.040,0,1.040,0
ORC,1.010,0.973,34456,0.706,0.029,12-96,2,0,1.010,0,1.010,0,1.014,381
P,1.300,1.250,293680,0.092,0.139,7-18-19,2,1,1.300,1,1.300,1,1.300,1
PACD,1.005,1.000,49500,0.028,0.022,7-21,2,0,1.013,30,1.038,32,1.038,32
PAGP,1.012,1.034,2912000,1.000,0.046,2-17-19,2,0,1.012,0,1.012,0,1.012,0
PANW,1.125,1.313,341930,0.093,0.141,2-7-18,2,0,1.125,0,1.125,0,1.125,0
PAYC,1.001,1.193,118945,0.131,0.049,17-19,2,0,1.001,0,1.001,0,1.001,0
PBF,1.006,1.077,574000,1.000,0.082,7-18,2,0,1.006,0,1.006,0,1.006,0
PBFX,1.011,1.217,385000,0.866,0.115,17-32,2,0,1.011,0,1.011,0,1.011,0
PE,1.008,1.205,1115000,0.584,0.062,1-2,2,0,1.008,0,1.015,51,1.015,51
PF,1.017,1.113,645540,0.257,0.128,8-17,2,0,1.025,27,1.025,27,1.025,27
PFSI,1.028,1.014,202777,1.000,0.065,1-2-8-18,2,0,1.028,0,1.028,0,1.062,302
PGEM,1.050,1.064,352894,0.244,0.119,1-2-19,2,9,1.050,9,1.050,9,1.094,265
PGND,1.027,1.107,246263,0.170,0.171,2-6-17,2,5,1.027,5,1.027,5,1.055,169
PGRE,1.001,1.057,2422190,0.681,0.073,7-8-37,2,0,1.001,0,1.001,0,1.001,0
PN,1.006,0.964,112178,0.315,0.059,5-31-32,2,1,1.006,1,1.006,1,1.015,115
PRLB,1.136,1.563,107543,0.185,0.000,3-4,2,10,1.144,11,1.170,36,1.200,307
PRTY,1.017,1.206,448437,0.189,0.211,2-8,2,1,1.017,1,1.017,1,1.017,1
PSXP,1.023,1.260,475996,0.466,0.205,7-19,2,10,1.030,26,1.038,53,1.050,203
Q,1.006,1.094,1036421,0.184,0.136,7-17-19,2,7,1.006,7,1.013,48,1.013,48
QEPM,1.015,1.108,465400,0.749,0.151,7-37,2,4,1.015,4,1.015,4,1.015,4
QIHU,1.237,1.862,326991,0.070,0.164,18-32,2,5,1.237,5,1.237,5,1.274,375
QTS,1.018,1.067,274400,0.454,0.068,2-3,2,2,1.018,2,1.018,2,1.018,2
QTWO,1.031,1.250,126114,0.243,0.204,19-26,2,0,1.070,17,1.070,17,1.070,17
RATE,1.021,0.933,280000,0.200,0.037,2-8,2,7,1.021,7,1.034,49,1.096,374
RCAP,1.002,0.988,49375,1.000,0.035,33-96-168,2,0,1.002,0,1.002,0,1.002,0
RENN,1.231,1.393,1035450,0.045,0.143,7-8-21,2,-1,1.231,-1,1.231,-1,1.231,-1
REXR,1.003,1.054,236000,0.634,0.048,8-19-37-120,2,0,1.003,0,1.003,0,1.003,0
RH,1.034,1.335,165516,0.140,0.174,2-8,2,0,1.034,0,1.034,0,1.034,0
RICE,1.027,1.043,963599,0.345,0.077,2-17-18,2,4,1.027,4,1.027,4,1.027,4
RIGP,1.100,1.000,385000,0.423,0.190,7-17,2,2,1.110,20,1.110,20,1.127,290
RKUS,1.000,1.000,126000,0.114,0.184,2-7,2,0,1.000,0,1.000,0,1.000,0
RLD,1.010,1.222,244375,0.262,0.181,4-19,2,0,1.074,30,1.074,30,1.074,30
RLGY,1.034,1.217,1314000,0.307,0.135,2-17-19,2,2,1.062,26,1.062,26,1.062,26
RLJ,1.011,0.958,474375,0.267,0.058,8-17-37,2,7,1.014,18,1.014,18,1.024,369
RM,1.019,1.133,71400,0.341,0.073,3-55,2,8,1.042,20,1.042,20,1.042,20
RMAX,1.024,1.193,262500,0.989,0.167,7-8-19,2,0,1.024,0,1.027,35,1.066,241
RMP,1.035,0.957,394750,0.869,0.078,17-18-37,2,4,1.035,4,1.035,4,1.044,157
RNDY,1.049,0.988,161127,0.428,0.100,1-3-19-39,2,10,1.067,27,1.083,36,1.083,36
RNF,1.010,1.000,300000,0.392,0.102,7,2,0,1.010,0,1.010,0,1.010,0
RNG,1.068,1.327,129375,1.000,0.125,2-8-19,2,5,1.086,30,1.100,33,1.125,94
ROYT,1.018,1.000,370000,0.479,0.079,8-17-18-19-32-37,2,0,1.018,0,1.018,0,1.018,0
RPAI,1.008,1.097,279204,0.396,0.039,9-18-19-21,2,0,1.008,0,1.008,0,1.008,0
RRMS,1.020,1.025,143500,0.834,0.119,17-18-21,2,9,1.020,9,1.020,9,1.020,9
RSPP,1.016,1.051,410000,0.276,0.071,17-19,2,3,1.016,3,1.016,3,1.016,3
RUBI,1.040,1.167,118492,0.195,0.170,2-7-10,2,8,1.103,24,1.171,56,1.211,219
RXN,1.019,1.058,451184,0.262,0.094,1-2-8-21,2,8,1.050,22,1.050,33,1.128,248
RYI,1.014,0.941,113850,0.343,0.080,8-19-21-31,2,0,1.014,0,1.014,0,1.014,0
SALT,1.026,1.000,305175,0.236,0.020,21,2,0,1.026,0,1.026,0,1.026,0
SBY,1.006,1.011,247775,0.355,0.072,1-8-19,2,5,1.006,5,1.006,5,1.006,5
SC,1.029,1.073,1931030,0.216,0.067,18-19,2,7,1.029,7,1.029,7,1.029,7
SDLP,1.029,1.091,210000,0.353,0.128,7-18-37,2,6,1.031,27,1.031,27,1.048,75
SDR,1.006,1.038,566800,0.523,0.059,7-8-38,2,10,1.008,11,1.008,11,1.008,11
SE,1.046,1.083,958100,1.000,0.118,1-7-135,2,0,1.046,0,1.046,0,1.046,0
SEAS,1.020,1.132,794560,0.280,0.193,2-19,2,7,1.030,16,1.030,16,1.134,351
SERV,1.010,1.026,626455,0.281,0.100,1-2-7-19,2,1,1.010,1,1.010,1,1.036,128
SFS,1.024,1.092,176195,0.189,0.091,1-7-21,2,2,1.024,2,1.024,2,1.024,2
SFUN,1.035,1.576,196526,0.060,0.125,21-135,2,2,1.035,2,1.045,40,1.104,353
SGM,1.062,1.074,121978,0.287,0.046,1-8-17-120,2,9,1.087,18,1.087,18,1.102,362
SHAK,1.019,2.287,240150,0.442,0.000,7-19,2,2,1.030,29,1.040,37,1.040,37
SHLX,1.015,1.391,1280000,0.593,0.179,17-18,2,2,1.016,27,1.022,49,1.052,280
SHOP,1.026,1.647,215600,1.000,0.178,1-7-10,2,0,1.026,0,1.026,0,1.026,0
SIR,1.011,1.012,174000,0.267,0.054,7-8-37,1,0,1.011,0,1.011,0,1.011,0
SLCA,1.011,1.015,202941,0.222,0.077,3-7-8,2,0,1.011,0,1.011,0,1.011,0
SMLP,1.016,1.050,262500,0.512,0.040,8-17,2,2,1.018,14,1.021,46,1.023,239
SN,1.020,0.909,200000,0.303,0.019,54-182,2,0,1.025,19,1.037,44,1.037,44
SNOW,1.023,0.926,173593,0.347,0.079,1-2-8-21,2,8,1.023,8,1.023,8,1.076,351
SQNS,1.039,0.900,69300,0.223,0.171,3-32,2,0,1.039,0,1.039,0,1.039,0
SRC,1.007,1.000,435000,0.360,0.094,7,2,0,1.007,0,1.012,59,1.033,92
SRLP,1.008,0.972,148750,0.844,0.108,8-17-19,2,4,1.013,26,1.013,26,1.045,298
SSNI,1.022,1.294,104500,0.105,0.120,1-2-7,2,0,1.022,0,1.022,0,1.022,0
SSTK,1.018,1.324,101250,0.137,0.183,3-7-21,2,0,1.018,0,1.018,0,1.018,0
STAY,1.011,1.137,642687,0.141,0.104,2-19-21,2,0,1.044,30,1.051,32,1.051,32
STOR,1.005,1.062,540375,0.248,0.079,1-2-7,2,1,1.005,1,1.005,1,1.008,235
SUM,1.004,1.120,447999,0.956,0.163,2-18,2,0,1.004,0,1.022,52,1.041,341
SWFT,1.008,1.000,806300,0.549,0.092,7-8-37,2,0,1.008,0,1.015,52,1.015,52
SXC,1.015,1.062,197200,0.166,0.206,1-2-8,2,5,1.059,25,1.059,25,1.059,25
SXCP,1.015,1.000,256500,0.859,0.220,8-17-18,2,0,1.015,0,1.015,0,1.015,0
SXE,1.040,1.100,198000,0.737,0.154,18-37,2,9,1.055,19,1.055,19,1.055,19
SYF,1.043,1.000,2875000,0.151,0.070,2-7-18-19,2,0,1.043,0,1.043,0,1.043,0
TAOM,1.296,0.943,61021,0.010,0.054,1-21,2,0,1.296,0,1.296,0,1.296,0
TCPI,1.009,1.000,78571,0.258,0.142,4-21,2,0,1.009,0,1.009,0,1.009,0
TCS,1.035,1.944,437500,0.271,0.251,1-17-19,2,7,1.035,7,1.035,7,1.057,360
TDOC,1.032,1.574,246675,0.223,0.171,19-21,2,10,1.033,18,1.046,36,1.067,133
TEGP,1.018,1.066,1282350,1.000,0.166,2-18,2,3,1.019,30,1.035,49,1.044,82
TEP,1.026,1.023,287100,0.537,0.095,8-17-18-21,2,9,1.026,9,1.026,9,1.030,98
TEU,1.000,1.000,132000,0.683,0.084,7-32,2,0,1.000,0,1.000,0,1.000,0
THR,1.016,1.004,120500,0.346,0.036,3-17,2,0,1.016,0,1.033,58,1.090,113
TLLP,1.006,1.107,302250,0.852,0.120,1-8-18-37,2,0,1.021,27,1.023,40,1.025,71
TLYS,1.026,1.213,150400,1.000,0.158,2-4-8,2,3,1.026,3,1.026,3,1.026,3
TMHC,1.018,1.061,667156,1.000,0.130,1-18,2,5,1.018,5,1.018,5,1.018,5
TNET,1.050,1.156,277500,0.220,0.209,7-19-21,2,9,1.050,9,1.050,9,1.051,211
TOWR,1.014,1.042,84687,0.334,0.042,2-18-19,2,0,1.014,0,1.014,0,1.014,0
TPH,1.009,1.151,267756,0.433,0.141,18-21-120,2,0,1.016,27,1.022,39,1.022,39
TPRE,1.028,0.980,270152,0.219,0.086,1-7-19,2,3,1.028,3,1.035,45,1.102,303
TRGP,1.012,1.095,394637,0.387,0.082,7-8-17,2,0,1.012,0,1.012,0,1.046,387
TRMR,1.008,1.100,82500,0.152,0.099,1-3,2,0,1.008,0,1.008,0,1.008,0
TRU,1.021,1.094,727409,0.166,0.154,2-8-19-21,2,10,1.021,10,1.021,10,1.046,337
TRUP,1.018,1.125,80156,0.268,0.027,10-17-26,1,1,1.018,1,1.018,1,1.027,161
TSE,1.005,1.087,206500,0.212,0.111,2-7-18-21,2,0,1.005,0,1.005,0,1.005,0
TSQ,1.001,0.976,89499,0.951,0.097,3-8-10,2,10,1.009,11,1.009,11,1.009,11
TUMI,1.035,1.444,488276,0.277,0.158,1-2-19,2,3,1.035,3,1.058,60,1.119,78
TVPT,1.001,1.106,530700,0.250,0.092,1-7-21-32,2,0,1.001,0,1.001,0,1.001,0
TWTR,1.099,1.735,3157000,0.129,0.169,2-7-19,2,10,1.111,12,1.111,12,1.111,12
TXTR,1.049,1.600,120000,0.228,0.150,1-6,2,2,1.049,2,1.049,2,1.049,2
UAN,1.007,1.129,346752,0.263,0.000,2-7-17,2,0,1.007,0,1.007,0,1.007,0
UCP,1.028,0.983,114312,1.000,0.155,18-21-195,2,2,1.028,2,1.028,2,1.028,2
UNVR,1.012,1.095,843500,0.254,0.135,2-8-21,2,5,1.033,19,1.038,60,1.069,344
USAC,1.014,0.972,192500,0.731,0.123,2-17-19-37,2,5,1.025,16,1.025,16,1.025,16
USDP,1.027,0.929,144096,0.893,0.097,1-8-17-18,2,6,1.028,24,1.034,36,1.034,36
VCRA,1.020,1.500,140400,0.269,0.217,4-19,2,0,1.020,0,1.020,0,1.020,0
VEEV,1.043,1.900,495710,1.000,0.158,7-21,2,0,1.043,0,1.043,0,1.043,0
VIPS,1.038,0.923,66027,0.109,0.106,21-135,2,1,1.038,1,1.038,1,1.038,1
VJET,1.350,1.538,130000,1.000,0.076,4-18,2,5,1.350,5,1.350,5,1.453,386
VLP,1.012,1.228,423750,0.521,0.211,17-19,2,4,1.012,4,1.012,4,1.012,4
VMEM,1.064,0.833,135000,0.220,0.187,8-19-21,2,0,1.064,0,1.064,0,1.064,0
VNCE,1.033,1.475,295000,0.276,0.252,2-39,2,0,1.033,0,1.033,0,1.033,0
VOC,1.011,1.060,246752,0.652,0.073,7-38,2,0,1.011,0,1.011,0,1.011,0
VOYA,1.048,0.987,1254951,0.250,0.060,2-7-18,2,8,1.048,8,1.048,8,1.102,380
VSLR,1.100,1.063,350406,0.196,0.181,1-2-8,2,0,1.100,0,1.100,0,1.100,0
VTTI,1.086,1.000,367500,0.870,0.122,18-19,2,10,1.105,20,1.115,48,1.115,48
W,1.028,1.241,396000,1.000,0.195,2-8-18,2,8,1.028,8,1.028,8,1.095,323
WAGE,1.016,1.110,64935,0.253,0.111,1-6-26,2,0,1.016,0,1.016,0,1.261,370
WAIR,1.003,0.983,309750,0.245,0.074,7-17,2,0,1.003,0,1.003,0,1.027,343
WBAI,1.093,1.538,115720,1.000,0.150,21,2,7,1.102,29,1.102,29,1.102,29
WCIC,1.012,1.017,103991,0.265,0.052,1-18-19,2,0,1.024,20,1.024,20,1.024,20
WD,1.013,1.000,100000,0.457,0.067,1-7-35,2,8,1.013,8,1.013,8,1.013,8
WDAY,1.025,1.716,1093137,1.000,0.093,2-7,1,7,1.025,7,1.025,7,1.069,337
WGP,1.030,1.235,466979,0.080,0.146,17-18,2,0,1.030,0,1.030,0,1.057,162
WHZ,1.068,1.050,336000,0.870,0.020,7-38,2,10,1.138,23,1.138,23,1.173,368
WK,1.053,1.000,100800,0.266,0.140,1-7,2,9,1.053,9,1.053,9,1.053,9
WLH,1.072,1.045,227244,0.323,0.137,1-18,2,-4,1.072,-4,1.072,-4,1.072,-4
WLKP,1.012,1.262,340650,0.887,0.130,17-32,2,0,1.012,0,1.012,0,1.029,370
WMC,1.005,0.940,150400,0.774,0.166,3-18-19-21,2,0,1.005,0,1.005,0,1.005,0
WMS,1.012,1.003,232725,0.275,0.063,17-21,2,0,1.017,30,1.021,32,1.021,32
WNRL,1.031,1.091,330000,0.603,0.123,8-17,2,7,1.031,7,1.031,7,1.031,7
WPT,1.010,0.975,170625,0.531,0.074,8,2,0,1.017,22,1.017,22,1.017,22
WSR,1.000,1.000,26400,1.000,0.030,40-96,2,0,1.000,0,1.000,0,1.000,0
WUBA,1.171,1.247,233200,1.000,0.149,1-7-18,2,7,1.171,7,1.191,60,1.274,69
WWAV,1.009,1.118,437000,1.000,0.104,1-8-19,2,0,1.009,0,1.009,0,1.009,0
XON,1.064,1.319,210999,0.105,0.102,17-19,2,8,1.064,8,1.077,59,1.202,371
XRS,1.068,1.400,168000,0.081,0.086,1-7,2,4,1.124,26,1.124,26,1.124,26
XTLY,1.061,1.000,56300,0.254,0.085,19-21,2,9,1.074,13,1.150,50,1.261,120
XUE,1.030,1.505,192049,0.100,0.084,135,2,2,1.030,2,1.030,2,1.030,2
YELP,1.181,1.467,157371,1.000,0.166,2-18,2,0,1.181,0,1.181,0,1.181,0
YOKU,1.111,2.109,427887,0.009,0.098,135,2,4,1.111,4,1.111,4,1.407,131
ZAYO,1.046,1.132,452842,0.088,0.070,2-7-17,2,4,1.062,22,1.062,22,1.062,22
ZEN,1.046,1.267,126666,0.158,0.074,1-2-7,2,7,1.118,25,1.175,37,1.221,362
ZFC,1.005,0.965,115825,0.709,0.236,1-17-18-21,2,0,1.005,0,1.005,0,1.005,0
ZOES,1.010,1.832,149624,0.317,0.189,3-4-6-39,2,0,1.010,0,1.010,0,1.019,119
ZPIN,1.084,1.075,81401,1.000,0.090,1-32,2,9,1.116,17,1.116,17,1.116,17
ZTS,1.008,1.212,2712150,1.000,0.159,7-8-19,2,0,1.008,0,1.008,0,1.008,0
ZX,1.033,1.000,77400,0.062,0.073,7,2,0,1.033,0,1.033,0,1.033,0
ARWAU,1.003,1.001,72072,0.762,0.013,99,1,1,1.003,1,1.003,1,1.004,276
AUMAU,1.016,0.966,231840,0.800,0.031,18,1,7,1.016,7,1.016,7,1.018,135
BHACU,1.000,1.000,40000,0.755,0.025,99,1,0,1.000,0,1.000,0,1.002,92
CADTU,1.000,1.000,60000,0.767,0.034,69-99,1,0,1.000,0,1.000,0,1.000,0
CAMBU,1.004,1.000,70000,0.763,0.065,99,1,9,1.008,20,1.008,20,1.008,20
CNLMU,1.009,1.001,40040,0.757,0.037,99,1,0,1.009,0,1.009,0,1.009,0
GGACU,1.002,1.003,125374,0.772,0.035,99,1,2,1.002,2,1.002,2,1.002,2
HDRAU,1.007,0.978,78240,0.800,0.053,32,1,1,1.007,1,1.011,60,1.015,292
HRMNU,1.004,1.000,100000,0.759,0.048,30,1,5,1.008,18,1.008,18,1.008,18
QPACU,1.001,1.000,350000,0.800,0.058,21-30,1,0,1.001,0,1.001,0,1.001,0
ROIQU,1.002,1.000,125000,0.800,0.030,21,1,0,1.002,0,1.002,0,1.002,0
SMACU,1.007,1.000,40000,0.768,0.120,30,1,3,1.007,3,1.007,3,1.007,3
TFSCU,1.001,1.000,40000,0.772,0.062,99,1,3,1.001,3,1.001,3,1.003,334
TRTLU,1.004,1.000,185000,0.800,0.037,21,1,3,1.004,3,1.004,3,1.004,3
WLRHU,1.006,1.008,438480,0.800,0.016,8-21,1,0,1.006,0,1.011,58,1.017,79
FCAU,1.018,1.018,974399,0.068,0.003,2-17-19-32,2,10,1.018,10,1.018,10,1.032,355
RUN,1.019,0.933,233774,0.185,0.119,1-2-7,1,1,1.019,1,1.019,1,1.019,1
ZYNE,1.236,1.286,54000,0.343,0.041,3-4,1,10,1.236,10,1.236,10,1.236,10
XCOM,1.048,1.000,25000,0.292,0.040,31-41-57,1,6,1.048,6,1.048,6,1.048,6
MRUS,1.038,0.975,53625,0.357,0.035,3-18-92,1,1,1.088,22,1.101,55,1.101,55
AXSM,1.049,1.000,51000,0.296,0.012,96,1,5,1.049,5,1.049,5,1.049,5
HLI,1.006,1.083,238875,0.999,0.051,2-8,2,0,1.011,24,1.015,33,1.015,33
ATKR,1.041,0.984,189000,0.192,0.067,1-19-21,2,5,1.046,25,1.046,25,1.046,25
SRTSU,1.101,1.049,11540,0.158,0.010,16-94-294-295,1,0,1.101,0,1.101,0,1.127,75
KTOV,1.045,0.791,10298,0.830,0.013,253-294,1,0,1.045,0,1.045,0,1.045,0
AGLE,1.072,1.000,50000,0.387,0.044,31-32-37-41,1,9,1.072,9,1.072,9,1.072,9
NVCR,1.016,0.916,151200,0.091,0.075,19-21-48,1,0,1.016,0,1.016,0,1.016,0
CFCOU,1.006,1.004,602400,0.800,0.026,1-8-18,1,6,1.006,6,1.006,6,1.006,6
ARA,1.013,1.205,198750,0.252,0.163,2-8-17,2,9,1.017,22,1.019,38,1.034,85
PFNX,1.000,1.000,49999,0.433,0.018,6-33,3,0,1.000,0,1.000,0,1.000,0
RACE,1.016,1.154,1030500,0.091,0.140,8-32,2,1,1.016,1,1.016,1,1.016,1
MTCH,1.015,1.131,452333,1.000,0.000,8-19-110,1,1,1.032,27,1.032,27,1.097,130
SENS,1.088,1.000,45030,0.173,0.007,11-56,3,6,1.088,6,1.088,6,1.088,6
GBT,1.183,1.732,207900,0.216,0.213,2-7,1,5,1.183,5,1.183,5,1.367,220
SRAQU,1.006,1.000,450000,0.800,0.027,2-18-21,1,5,1.006,5,1.006,5,1.038,301
KURA,1.031,1.000,50000,0.301,0.011,18-56,1,0,1.031,0,1.031,0,1.031,0
CRVS,1.026,1.000,70500,0.230,0.064,1-41,1,1,1.026,1,1.026,1,1.026,1
SBPH,1.032,0.940,10377,0.130,0.024,6-43-113,1,0,1.032,0,1.032,0,1.042,64
DLTH,1.107,1.083,86666,0.239,0.045,6-31-38-39,1,7,1.107,7,1.107,7,1.112,68
PAACU,1.003,1.002,50100,0.743,0.041,99,1,0,1.007,28,1.007,28,1.007,28
ELMD,1.074,1.012,6885,0.216,0.014,94,3,1,1.074,1,1.074,1,1.074,1
PTI,1.000,1.000,50000,0.374,0.053,10-56,1,0,1.000,0,1.000,0,1.000,0
RGNX,1.058,1.375,190638,0.249,0.174,4-7-8,1,3,1.058,3,1.058,3,1.058,3
BRG,1.001,1.000,50000,0.767,0.023,40,3,0,1.006,15,1.006,15,1.006,15
PSTG,1.011,0.985,418499,1.000,0.126,2-7-17-110,2,1,1.016,12,1.016,12,1.016,12
SGRY,1.059,0.924,250701,0.297,0.125,2-3-8,1,0,1.059,0,1.059,0,1.083,113
PAVMU,1.000,2.000,10600,0.079,0.000,93-115-301,1,0,1.000,0,1.000,0,1.000,0
EDGE,1.034,1.055,84855,0.266,0.043,1-56,1,0,1.034,0,1.095,57,1.158,236
TPB,1.030,1.000,54000,0.338,0.054,41-120,2,0,1.030,0,1.030,0,1.040,65
CNFR,1.067,0.929,30225,0.416,0.017,31-38,1,1,1.067,1,1.067,1,1.087,84
FORK,1.023,1.030,20600,0.255,0.021,45-90,1,0,1.023,0,1.023,0,1.023,0
MIME,1.090,1.100,85250,0.144,0.177,2-3-10-17,1,3,1.090,3,1.090,3,1.090,3
PLNT,1.034,0.906,195750,0.383,0.233,1-3-8-19,2,3,1.034,3,1.079,60,1.116,130
FDC,1.001,1.024,2622400,1.000,0.041,7-8-18-116,2,1,1.001,1,1.001,1,1.001,1
EQBK,1.000,1.078,47045,0.283,0.031,35-55,1,0,1.000,0,1.011,57,1.011,57
VYGR,1.051,1.079,75500,0.192,0.018,4-41,1,8,1.172,25,1.172,25,1.189,272
MIRN,1.102,1.036,45312,0.312,0.032,18-56,1,4,1.102,4,1.102,4,1.102,4
IOTS,1.086,1.120,28000,0.338,0.009,12-57,1,0,1.086,0,1.143,33,1.143,33
GWRS,1.000,1.301,9469,0.060,0.005,14,1,0,1.000,0,1.000,0,1.000,0
PMTS,1.173,1.100,165000,0.266,0.065,2-31-108,1,5,1.186,14,1.186,14,1.218,195
MSBI,1.005,1.003,80270,0.245,0.057,34-35,1,1,1.005,1,1.005,1,1.005,1
PEN,1.022,1.333,160000,0.133,0.190,8-19,2,1,1.031,14,1.031,14,1.050,73
COE,1.069,1.026,46800,0.122,0.056,1-7,2,3,1.069,3,1.069,3,1.069,3
INST,1.014,1.000,70400,0.166,0.113,2-7,2,10,1.078,17,1.103,54,1.140,358
IRT,1.031,0.941,32000,0.415,0.035,6-33-96-206,2,8,1.031,8,1.062,32,1.062,32
MESO,1.120,0.938,56097,0.965,0.057,1-19,1,3,1.120,3,1.120,3,1.128,336
ACRS,1.003,1.085,59700,0.258,0.022,3-18,1,0,1.003,0,1.003,0,1.003,0
EDIT,1.028,1.125,106200,0.165,0.096,7-19,1,0,1.028,0,1.028,0,1.049,167
SUPV,1.013,1.045,293250,0.370,0.044,7-8,2,3,1.013,3,1.013,3,1.013,3
WVE,1.021,1.066,108693,0.305,0.025,3-56,1,0,1.050,29,1.050,29,1.050,29
NH,1.184,1.151,104715,0.054,0.019,3-41,1,5,1.304,25,1.304,25,1.304,25
RRR,1.035,0.949,504125,0.699,0.089,2-8-19-21,1,4,1.037,30,1.037,30,1.037,30
GMS,1.022,1.071,157500,0.175,0.152,1-17,2,1,1.022,1,1.022,1,1.022,1
BNTC,1.000,0.977,13500,0.888,0.003,13-31,1,0,1.000,0,1.000,0,1.000,0
CLACU,1.001,1.000,300000,0.800,0.027,18-21,1,0,1.001,0,1.001,0,1.001,0
RETA,1.085,1.005,60830,0.807,0.051,4-18-41,1,10,1.085,10,1.139,58,1.266,271
HCM,1.052,1.000,101250,1.000,0.039,8-21,1,10,1.052,10,1.052,10,1.052,10
ABTX,1.009,1.074,58630,0.209,0.060,39-55,1,0,1.015,27,1.015,27,1.041,293
BGNE,1.018,1.207,191202,1.000,0.091,2-7-41,1,7,1.018,7,1.018,7,1.018,7
SDPI,1.087,1.000,27000,0.415,0.019,14,3,0,1.087,0,1.087,0,1.143,356
YIN,1.014,1.022,103500,1.000,0.024,3,1,0,1.014,0,1.014,0,1.014,0
CLSD,1.056,1.143,57600,0.367,0.019,10-26-41,1,0,1.056,0,1.056,0,1.056,0
SQ,1.106,1.244,302400,1.000,0.140,2-7-19,2,6,1.106,6,1.204,54,1.204,63
FNTCU,1.001,1.000,100000,0.728,0.036,30,1,9,1.001,9,1.002,38,1.005,246
PFGC,1.047,1.000,275500,0.146,0.069,1-17,2,6,1.047,6,1.047,6,1.047,6
MGP,1.006,1.083,1137500,1.000,0.080,7-8-19-48,2,0,1.006,0,1.006,0,1.006,0
AIMT,1.257,1.094,175000,0.246,0.126,1-4-8,1,10,1.314,26,1.314,26,1.543,86
AFCO,1.027,0.875,42000,0.355,0.263,10-18-21-38-120,3,9,1.027,9,1.027,9,1.027,9
MBRX,1.056,1.498,13844,0.108,0.003,45-307,1,1,1.056,1,1.056,1,1.056,1
MDGN,1.004,1.000,11168,0.262,0.000,13-14,3,6,1.004,6,1.004,6,1.004,6
USFD,1.005,1.054,1077777,0.208,0.119,2-7-19-116,2,5,1.028,30,1.031,47,1.035,349
NBRV,1.036,1.111,102510,1.000,0.019,10-56,1,1,1.054,30,1.353,54,1.535,162
TEAM,1.014,1.318,608740,0.416,0.106,2-7,1,0,1.014,0,1.014,0,1.030,253
SCWX,1.035,0.992,111120,0.750,0.175,2-7-8-19,1,10,1.050,29,1.051,53,1.051,53
COTV,1.026,1.000,237500,0.139,0.176,2-19,2,0,1.026,0,1.026,0,1.026,0
NTLA,1.020,1.222,132000,0.171,0.133,1-3-56,1,0,1.036,21,1.064,41,1.091,88
CTMX,1.064,1.333,106666,0.191,0.006,3-8-41,1,4,1.064,4,1.064,4,1.064,4
CQH,1.005,0.980,705600,0.155,0.069,1-2-7-10,3,0,1.005,0,1.005,0,1.005,0
OASM,1.062,0.985,9356,1.000,0.010,69-96-253-294,1,0,1.062,0,1.062,0,1.062,0
SITE,1.029,1.221,256400,0.253,0.162,2-21-32,2,8,1.029,8,1.029,8,1.052,342
GRSHU,1.002,1.003,351050,0.800,0.016,21,1,0,1.002,0,1.002,0,1.046,359
UFAB,1.002,1.316,29375,0.259,0.010,14-309,3,1,1.002,1,1.002,1,1.122,256
KLREU,1.007,1.000,80000,0.800,0.024,99,1,0,1.007,0,1.007,0,1.007,0
PACEU,1.005,1.010,404000,0.800,0.043,18-21,1,9,1.005,9,1.005,9,1.010,348
ACIA,1.098,1.261,130500,0.126,0.173,2-8-21,1,7,1.101,26,1.101,26,1.101,26
ECACU,1.000,1.005,40200,0.753,0.087,30,1,0,1.000,0,1.000,0,1.003,123
MYOK,1.014,1.108,60247,0.207,0.052,1-41,1,10,1.023,11,1.023,11,1.023,11
SNDX,1.049,1.009,53284,0.253,0.046,7-18,1,1,1.056,21,1.056,21,1.056,21
VIVE,1.000,1.000,13500,0.265,0.011,96-103,1,0,1.000,0,1.000,0,1.028,181
SBBP,1.100,1.300,32500,0.118,0.004,8-26,1,0,1.100,0,1.100,0,1.100,0
AVXS,1.027,0.901,85595,0.212,0.048,2-3,1,0,1.027,0,1.027,0,1.027,0
FPI,1.001,0.982,52250,0.947,0.053,27-31-39,2,0,1.001,0,1.001,0,1.001,0
DMTX,1.012,0.969,69300,0.221,0.053,2-18,1,1,1.012,1,1.012,1,1.012,1
CCRC,1.189,1.097,10536,0.131,0.001,60-114,1,5,2.187,22,2.319,33,2.437,351
MPSX,1.058,0.992,212850,0.213,0.071,8-17,2,1,1.071,22,1.119,60,1.365,228
PLSE,1.065,1.032,20650,0.398,0.029,94-134,1,1,1.065,1,1.065,1,1.065,1
YRD,1.039,1.000,75000,1.000,0.058,1-7-44,2,1,1.039,1,1.039,1,1.039,1
LCAHU,1.001,1.000,250000,0.800,0.137,3-21,1,0,1.001,0,1.001,0,1.001,0
ONSIU,1.025,0.853,29866,0.256,0.073,3-17,1,0,1.025,0,1.025,0,1.025,0
ACIU,1.116,1.283,84660,0.108,0.078,1-3-56,1,10,1.134,16,1.191,47,1.191,47
AIRG,1.046,1.000,12000,0.207,0.092,16-40,1,0,1.046,0,1.046,0,1.046,0
AMMA,1.096,1.109,16633,0.333,0.008,45,1,0,1.096,0,1.096,0,1.096,0
APTI,1.051,1.462,140400,1.000,0.182,2-8-19,1,1,1.051,1,1.051,1,1.051,1
ATMR,1.070,1.084,26016,0.283,0.007,15,1,3,1.070,3,1.070,3,1.070,3
AZRX,1.012,0.920,4857,0.100,0.010,45-310,1,0,1.105,28,1.105,28,1.105,28
BOLD,1.000,1.267,95000,0.238,0.043,4-8-41,1,0,1.000,0,1.000,0,1.000,0
CPAAU,1.005,1.005,376875,0.800,0.013,2-21,1,10,1.007,11,1.007,11,1.033,188
CSTR,1.024,1.104,42807,0.239,0.027,34-35,1,0,1.024,0,1.024,0,1.024,0
EVBG,1.016,1.025,92250,0.279,0.116,1-8,1,0,1.041,21,1.063,60,1.259,327
FHB,1.007,1.052,510304,0.151,0.119,2-8-95,1,5,1.014,22,1.023,42,1.023,42
FLGT,1.183,1.023,38682,0.246,0.081,1-4,1,4,1.183,4,1.183,4,1.183,4
GEMP,1.005,0.925,27750,0.356,0.073,3-10-41,1,0,1.005,0,1.005,0,1.005,0
GSUM,1.077,1.173,102175,1.000,0.147,18-135,1,10,1.095,22,1.095,22,1.095,22
KNSL,1.038,1.125,118800,0.315,0.149,6-19,1,9,1.038,9,1.038,9,1.044,178
LTEA,1.000,1.136,11363,0.234,0.000,45-311,1,0,1.000,0,1.000,0,1.000,0
MACQU,1.001,1.000,50000,0.752,0.032,13-70,1,2,1.001,2,1.003,36,1.005,235
MEDP,1.012,1.224,197050,0.177,0.140,1-3,1,0,1.012,0,1.012,0,1.021,101
MIIIU,1.000,1.000,150000,0.781,0.134,30,1,0,1.000,0,1.000,0,1.000,0
MRAM,1.098,1.137,45500,0.400,0.034,26-57,1,0,1.098,0,1.098,0,1.098,0
NOVN,1.115,1.309,59040,0.268,0.009,4,1,3,1.205,25,1.286,40,1.286,40
NTNX,1.120,1.656,394055,1.000,0.172,2-7-19,1,7,1.132,22,1.174,57,1.487,253
OBLN,1.044,1.014,76050,0.313,0.067,11-26-32,1,0,1.044,0,1.044,0,1.044,0
PI,1.024,1.286,86400,0.270,0.170,4-10-42,1,0,1.024,0,1.024,0,1.024,0
PTGX,1.000,1.000,90000,0.459,0.040,17-31-56,1,0,1.000,0,1.000,0,1.000,0
SCACU,1.001,1.006,236410,0.800,0.026,2-21,1,0,1.001,0,1.001,0,1.002,89
SELB,1.088,1.071,75000,0.279,0.029,26-32,1,0,1.088,0,1.088,0,1.088,0
STLRU,1.000,1.000,65000,0.766,0.027,13-70,1,0,1.000,0,1.000,0,1.000,0
SYRS,1.110,1.200,60000,0.176,0.016,4-41,1,6,1.110,6,1.133,53,1.320,196
TCMD,1.059,1.035,41400,0.240,0.023,4-6-11,1,0,1.059,0,1.059,0,1.148,281
TLND,1.012,1.537,145215,1.000,0.166,2-17-18-19,1,0,1.012,0,1.012,0,1.012,0
TPIC,1.088,1.037,71312,0.191,0.076,7-19,1,8,1.135,30,1.166,38,1.212,328
TRHC,1.100,1.225,63210,0.276,0.107,32-37,1,0,1.100,0,1.100,0,1.100,0
TTD,1.025,1.597,134166,1.000,0.130,3-10-18,1,0,1.039,30,1.041,36,1.057,306
TUSK,1.046,0.911,105865,0.207,0.122,1-17-312,1,1,1.046,1,1.046,1,1.046,1
TYHT,0.481,3.944,30409,0.081,0.001,45-307-313,1,-223,0.481,-223,0.481,-223,2.070,66
XOG,1.000,1.197,758333,0.235,0.095,1-2-17-18,1,0,1.000,0,1.000,0,1.011,109
ADSW,1.000,1.139,394625,0.230,0.122,1-17-21,2,0,1.000,0,1.000,0,1.049,222
APFH,1.010,1.119,437100,0.237,0.123,1-7-17,2,0,1.021,26,1.031,43,1.031,43
AZRE,1.017,0.896,54954,0.132,0.175,1-17,2,0,1.017,0,1.017,0,1.017,0
CWH,1.025,1.080,269886,0.617,0.148,2-19,2,3,1.025,3,1.025,3,1.025,3
ELF,1.072,1.412,199999,0.188,0.174,7-19,2,2,1.107,27,1.129,54,1.142,338
FBK,1.006,1.113,124411,0.255,0.127,19-32-35,2,0,1.006,0,1.006,0,1.006,0
GMRE,1.004,1.000,130434,0.833,0.036,12-40,2,2,1.004,2,1.004,2,1.005,378
HOME,1.014,1.083,140838,0.146,0.179,2-8,2,0,1.014,0,1.014,0,1.014,0
KDMN,1.016,0.963,72187,0.139,0.170,3-18,2,0,1.016,0,1.016,0,1.016,0
LN,1.059,1.279,1470000,0.167,0.104,7-49,2,1,1.059,1,1.059,1,1.059,1
MRT,1.017,0.958,229141,0.659,0.062,9-18-19-120,2,0,1.034,22,1.043,44,1.043,44
NBLX,1.025,1.178,331250,0.786,0.158,17-19-39,2,3,1.025,3,1.025,3,1.031,106
NTB,1.006,1.068,267021,0.200,0.106,2,2,2,1.008,24,1.008,24,1.011,85
PTHN,1.000,1.190,744047,0.212,0.146,3-7-19-32,2,0,1.000,0,1.000,0,1.000,0
TWLO,1.063,1.599,239899,1.000,0.179,2-19,2,2,1.077,29,1.077,29,1.234,323
VVV,1.017,1.095,723000,0.150,0.169,7-8-18,2,9,1.017,9,1.017,9,1.017,9
WAAS,1.052,1.167,136500,0.256,0.100,10-18-21,2,10,1.076,22,1.076,22,1.076,22
ZTO,1.000,0.944,1326640,1.000,0.138,7-135,2,0,1.000,0,1.003,32,1.003,32
BL,1.040,1.442,210872,0.174,0.144,2-19,1,2,1.040,2,1.050,37,1.050,37
CRSP,1.088,1.071,60000,0.102,0.047,4-17-18,1,2,1.088,2,1.088,2,1.088,2
FRTA,1.014,0.923,305956,0.289,0.093,1-2-18,1,0,1.014,0,1.014,0,1.014,0
GDS,1.018,1.000,192500,1.000,0.083,1-19,1,5,1.069,30,1.072,35,1.076,158
GTYHU,1.008,1.004,481919,0.800,0.014,18,1,0,1.008,0,1.008,0,1.008,0
IRTC,1.047,1.574,168367,0.298,0.139,7-19,1,0,1.047,0,1.047,0,1.047,0
QTNA,1.030,1.050,112560,0.204,0.171,7-17-21,1,0,1.030,0,1.030,0,1.030,0
RARX,1.018,1.089,99817,0.328,0.104,1-3-31,1,0,1.049,13,1.049,13,1.049,13
SND,1.033,0.936,120510,0.342,0.057,1-2-87,1,2,1.052,20,1.058,44,1.075,299
GOLF,1.021,1.000,328666,0.261,0.087,7-19,2,5,1.039,21,1.047,49,1.059,69
MYOV,1.033,1.000,217500,0.241,0.023,17-18-41-48,2,0,1.033,0,1.033,0,1.033,0
MTFB,1.029,0.791,13460,0.270,0.003,5-82-96,1,9,1.034,13,1.034,13,1.078,70
IIPR,1.013,1.012,67837,1.000,0.029,96-206,2,0,1.013,0,1.013,0,1.013,0
ATH,1.024,1.089,1176120,0.361,0.139,2-17-18-37,2,5,1.024,5,1.024,5,1.053,307
HUNTU,1.003,0.984,147600,0.800,0.067,7,1,0,1.003,0,1.006,57,1.014,228
WRD,1.050,1.047,431750,0.302,0.022,8-17-31,2,0,1.050,0,1.050,0,1.050,0
ICHR,1.063,1.139,60247,0.248,0.060,21-26,1,8,1.070,16,1.097,39,1.097,39
POLA,1.007,1.079,18120,0.245,0.016,14-294,1,0,1.007,0,1.007,0,1.219,243
SNES,1.033,1.031,15468,0.185,0.030,14,1,9,1.033,9,1.033,9,1.033,9
TIG,1.004,0.903,32200,0.185,0.067,8-11-41-49-123,1,0,1.004,0,1.004,0,1.004,0
TRVG,1.110,1.018,292433,1.000,0.083,2-7-19,1,8,1.110,8,1.110,8,1.110,8
HEBT,1.003,1.750,35000,0.294,0.000,321,1,9,1.003,9,1.003,9,1.003,9
GSHTU,1.012,1.016,381000,0.800,0.018,21,1,8,1.013,30,1.016,35,1.017,321
JAG,1.007,0.940,445550,0.150,0.136,1-18-19,2,0,1.009,28,1.009,28,1.030,214
FNTEU,1.002,1.010,154530,0.730,0.021,30,1,0,1.005,29,1.008,37,1.008,37
FRAC,1.009,1.158,588720,0.259,0.178,7-8-18-19,2,0,1.009,0,1.009,0,1.009,0
ANAB,1.055,1.067,80000,0.261,0.093,1-26-31,1,4,1.055,4,1.055,4,1.107,266
JNCE,1.028,1.125,114570,0.204,0.132,19-41,1,0,1.028,0,1.028,0,1.028,0
LAUR,1.036,0.893,437500,1.000,0.072,1-7-17,1,10,1.046,11,1.046,11,1.066,120
OBSV,1.016,0.886,85720,0.218,0.078,1-3-56,1,0,1.016,0,1.016,0,1.016,0
JELD,1.030,1.098,631250,0.238,0.127,17-18,2,0,1.030,0,1.030,0,1.071,324
REVG,1.002,1.170,321875,0.196,0.194,2-7-39,2,0,1.002,0,1.002,0,1.002,0
METC,1.016,1.078,87300,0.154,0.075,1-3-31,1,0,1.016,0,1.016,0,1.016,0
INVH,1.016,1.005,1547700,0.255,0.046,19-21,2,6,1.016,6,1.016,6,1.016,6
KRP,1.037,1.003,90300,0.306,0.034,10-26-38,2,7,1.052,22,1.062,33,1.156,374
CLPR,1.000,1.111,85500,0.335,0.020,38-120,2,0,1.000,0,1.000,0,1.000,0
FBM,1.003,1.129,202240,0.299,0.067,10-17-21,2,0,1.003,0,1.003,0,1.013,285
SNAP,1.050,1.412,4800000,0.302,0.132,2-7-19-21,2,3,1.059,30,1.059,30,1.085,169
HLNE,1.017,1.116,211968,0.696,0.116,7-19,1,10,1.036,20,1.036,20,1.036,20
ARD,1.014,1.155,355590,1.000,0.130,2-18-21,2,3,1.023,29,1.023,29,1.056,331
VLRX,1.000,0.950,49875,0.687,0.003,41-43,1,0,1.000,0,1.000,0,1.000,0
TRTX,1.008,0.980,215600,0.185,0.067,2-8-18-37,2,8,1.011,30,1.011,41,1.011,41
ADOM,1.117,1.450,20678,0.042,0.000,328,1,-307,1.117,-307,1.117,-307,1.117,-307
AKCA,1.043,1.016,127031,0.243,0.030,26-37-41,1,8,1.055,28,1.101,51,1.173,304
ALRN,1.018,0.917,51562,0.255,0.114,3-8,1,0,1.018,0,1.018,0,1.018,0
APPN,1.015,1.250,93750,1.000,0.154,2-7-17,1,8,1.033,29,1.082,60,1.117,189
ARGX,1.085,1.053,104983,0.226,0.026,4-41,1,5,1.085,5,1.117,47,1.397,299
ASV,1.005,1.064,28310,0.388,0.013,14,1,0,1.044,30,1.062,58,1.062,58
ATACU,1.002,1.005,40200,0.752,0.014,70,1,4,1.002,4,1.002,4,1.002,4
ATNX,1.017,1.091,72000,0.107,0.043,1-19-21,1,0,1.017,0,1.033,42,1.083,268
ATXI,1.129,1.267,41800,0.622,0.006,12-38,1,3,1.129,3,1.129,3,1.129,3
BCACU,1.002,1.010,53025,0.755,0.012,99,1,0,1.002,0,1.002,0,1.002,0
BOMN,1.153,1.000,85000,0.528,0.006,41,1,0,1.153,0,1.153,0,1.153,0
BYSI,1.050,1.000,3485,0.008,0.095,18-253,1,9,1.095,26,1.095,26,1.095,26
CATS,1.021,0.990,14843,0.201,0.005,294,1,6,1.021,6,1.021,6,1.095,336
CIFS,1.000,1.300,26300,0.088,0.001,45-328,1,0,1.000,0,1.000,0,1.000,0
CLXT,1.131,1.188,66500,0.263,0.027,1-3-18-37,1,10,1.225,25,1.225,25,1.251,270
CMTA,1.038,1.217,146000,0.262,0.080,7-56,1,7,1.038,7,1.038,7,1.038,7
CNACU,1.003,1.000,125000,0.775,0.037,41,1,4,1.003,4,1.003,4,1.003,4
CSSE,1.020,1.083,32500,1.322,0.018,115-329-330,1,0,1.020,0,1.020,0,1.020,0
DOVA,1.062,1.132,84988,0.177,0.089,3-19-56,1,10,1.081,12,1.081,12,1.081,12
ESQ,1.000,1.136,37585,0.345,0.013,34,1,0,1.000,0,1.000,0,1.000,0
FSACU,1.004,1.006,402400,0.800,0.010,8-18,1,6,1.004,6,1.004,6,1.008,317
GNTY,1.016,1.111,60000,0.186,0.021,34-55,1,8,1.022,19,1.022,19,1.022,19
GTHX,1.015,1.000,105000,0.255,0.095,19-41,1,2,1.015,2,1.015,2,1.016,291
IMRN,1.005,0.926,5642,1.000,0.046,331-332,1,1,1.005,1,1.005,1,1.005,1
INDUU,1.001,1.002,200400,0.800,0.051,120-221,1,0,1.001,0,1.002,41,1.003,358
KAACU,1.002,1.009,353150,0.800,0.024,1-18-21,1,0,1.002,0,1.002,0,1.002,0
KALA,1.072,1.113,100200,0.258,0.073,8-19,1,5,1.072,5,1.072,5,1.120,304
KBLMU,1.000,1.000,100000,0.772,0.097,96,1,0,1.001,23,1.001,23,1.001,23
MMDMU,1.003,1.009,181620,0.800,0.021,54,1,0,1.003,0,1.008,58,1.008,58
MPACU,1.004,1.000,300000,0.800,0.065,30,1,8,1.004,8,1.004,8,1.004,8
MRSN,1.025,0.950,71250,0.221,0.109,19-41-56,1,3,1.025,3,1.025,3,1.032,115
NCSM,1.015,1.176,190000,0.210,0.160,1-18-37,1,0,1.015,0,1.015,0,1.015,0
NEWA,1.257,1.464,10248,0.132,0.004,60,1,8,1.339,15,1.339,15,1.339,15
OKTA,1.040,1.386,259160,1.000,0.117,2-19-110,1,0,1.040,0,1.040,0,1.040,0
OSPRU,1.002,1.005,251250,0.800,0.011,1,1,0,1.002,0,1.002,0,1.002,0
OVID,1.035,0.933,70000,0.203,0.117,18-41,1,8,1.035,8,1.035,8,1.035,8
PETQ,1.003,1.312,131250,0.509,0.091,3-6,1,0,1.003,0,1.003,0,1.111,321
PSDO,1.037,0.964,224999,0.188,0.162,18-19,1,10,1.059,19,1.059,19,1.064,321
RBB,1.027,1.014,87450,0.239,0.063,34-35-55,1,9,1.037,17,1.037,17,1.037,17
RDFN,1.070,1.304,180558,0.116,0.148,2-110,1,3,1.070,3,1.070,3,1.130,275
SGBX,1.095,0.950,7125,0.377,0.012,294,1,6,1.095,6,1.095,6,1.095,6
SGH,1.048,1.091,63600,0.256,0.043,17-21,1,8,1.141,30,1.142,56,1.167,302
SNNA,1.023,1.270,82549,0.218,0.051,19-31-41,1,10,1.047,24,1.050,33,1.113,116
SSTI,1.094,1.109,34160,0.307,0.024,14-16,1,0,1.094,0,1.094,0,1.186,350
TNTR,1.053,1.017,61032,0.277,0.047,7-8-42,1,3,1.060,16,1.060,16,1.088,65
TOCA,1.076,1.027,87295,0.459,0.022,26-48-56,1,8,1.076,8,1.076,8,1.213,308
TRPX,1.423,1.050,12600,0.626,0.300,102-253,1,9,1.477,24,1.477,24,1.477,24
URGN,1.017,1.022,59406,0.374,0.028,3-41,1,0,1.041,29,1.041,29,1.068,305
VEACU,1.001,1.010,484800,0.800,0.014,1-2-18,1,0,1.001,0,1.001,0,1.001,0
VERI,1.000,1.043,39100,0.180,0.075,40-103,1,0,1.000,0,1.000,0,1.000,0
VRNA,1.029,1.000,77868,1.000,0.017,3-26,1,0,1.029,0,1.029,0,1.029,0
WRLSU,1.001,1.005,271350,0.800,0.008,99,1,0,1.001,0,1.001,0,1.003,89
ZEAL,1.031,1.014,79275,0.145,0.033,2-7,1,3,1.031,3,1.031,3,1.031,3
AMGP,1.011,0.943,825087,0.200,0.089,7-17-19,2,5,1.024,16,1.024,16,1.024,16
APRN,1.065,1.000,300000,0.999,0.132,2-7-17-18,2,9,1.080,28,1.100,39,1.100,39
ATUS,1.018,1.053,2020599,0.259,0.086,2-7-18-19,2,4,1.019,14,1.019,14,1.036,321
AYX,1.014,1.232,155250,1.000,0.146,2-19,2,0,1.014,0,1.014,0,1.020,176
BEDU,1.040,1.048,165000,1.000,0.043,7-21,2,3,1.040,3,1.040,3,1.275,360
BHVN,1.012,1.176,198000,0.289,0.069,4-7-17,2,0,1.012,0,1.012,0,1.012,0
BY,1.006,1.071,115995,0.201,0.070,8-35,2,0,1.006,0,1.006,0,1.006,0
CADE,1.009,1.103,165375,0.091,0.145,2-19,2,0,1.009,0,1.009,0,1.009,0
CLDR,1.051,1.187,267000,0.117,0.164,7-19-110,2,4,1.086,26,1.086,26,1.086,26
CVNA,1.033,0.900,202500,1.000,0.116,8-18-21-37,2,1,1.033,1,1.033,1,1.033,1
EEX,1.029,1.100,289850,0.215,0.122,2-8-17,2,6,1.029,6,1.034,43,1.050,324
ELVT,1.099,1.077,86800,0.314,0.038,1-3-26-32,2,6,1.156,30,1.156,30,1.156,30
FND,1.025,1.440,266910,0.096,0.250,1-8-17-32,2,7,1.025,7,1.025,7,1.073,305
FPH,1.013,1.086,319200,0.359,0.041,18-19,2,3,1.026,24,1.026,24,1.026,24
GDI,1.002,1.062,877625,0.218,0.072,2-18-32-116,2,0,1.002,0,1.002,0,1.002,0
GPMT,1.015,0.936,182500,0.231,0.087,7-8-18-19,2,8,1.016,29,1.036,57,1.043,372
HESM,1.017,1.109,376890,0.542,0.162,2-7,2,10,1.017,10,1.017,10,1.019,283
JILL,1.017,0.981,148750,0.267,0.137,3-7-8,2,3,1.017,3,1.017,3,1.017,3
KREF,1.012,1.024,215250,0.196,0.025,7-37-116,2,0,1.019,29,1.020,33,1.080,107
MULE,1.059,1.426,315250,1.000,0.180,2-8-19,2,10,1.069,13,1.069,13,1.069,13
NETS,1.034,0.908,134887,0.266,0.087,2-3-19-110-143,2,10,1.057,24,1.057,24,1.057,24
PUMP,1.000,1.071,375000,0.301,0.081,2-17,2,0,1.013,26,1.013,26,1.013,26
SAFE,1.010,0.950,194750,0.563,0.059,8-17-19,2,0,1.010,0,1.010,0,1.010,0
SNDR,1.010,1.026,564466,0.320,0.101,7-32,2,4,1.012,16,1.012,16,1.012,16
SOI,1.021,1.018,123321,1.000,0.052,1-2,2,0,1.021,0,1.021,0,1.021,0
VNTR,1.013,1.044,474203,0.214,0.096,2-8-18-19,2,3,1.013,3,1.013,3,1.022,182
WOW,1.056,0.941,291764,0.215,0.085,1-32,2,10,1.075,21,1.075,21,1.075,21
WTTR,1.016,1.064,129630,0.681,0.047,1-37-120,2,2,1.016,2,1.016,2,1.016,2
XRF,1.021,1.108,66500,1.000,0.047,1-3-7,2,0,1.021,0,1.021,0,1.021,0
YEXT,1.018,1.273,147000,0.123,0.192,7-10-19,2,0,1.018,0,1.018,0,1.018,0
ZYME,1.056,1.038,60750,0.181,0.026,17-37-335,2,0,1.056,0,1.056,0,1.056,0
PLYM,1.005,0.966,53244,0.800,0.018,12-33-34-46-83,3,0,1.005,0,1.005,0,1.005,0
SACH,1.041,0.980,12740,0.234,0.019,294,3,6,1.041,6,1.041,6,1.041,6
IAMXU,1.004,1.006,50300,0.763,0.000,13,1,1,1.004,1,1.004,1,1.004,1
YOGA,1.064,1.000,40150,0.450,0.095,41-55-92,1,0,1.064,0,1.064,0,1.064,0
RNGR,1.036,0.966,82068,0.697,0.088,1-37-50-336,2,4,1.036,4,1.036,4,1.036,4
ZKIN,1.059,1.522,8130,0.079,0.012,328,1,0,1.059,0,1.059,0,1.141,76
CELC,1.053,1.300,29640,0.247,0.031,103,1,0,1.053,0,1.053,0,1.211,129
ZLAB,1.102,1.347,202083,1.000,0.101,18-19-56,1,7,1.139,28,1.165,38,1.237,200
TRLA,1.062,1.300,132600,0.227,0.157,19-21,2,5,1.062,5,1.092,60,1.140,288
DOTAU,1.007,1.007,50350,0.758,0.008,99,1,0,1.007,0,1.007,0,1.011,303
KRYS,1.043,1.050,41580,0.411,0.024,96,1,5,1.070,26,1.077,35,1.077,35
PETZ,1.101,1.588,8943,0.144,0.016,60,1,0,1.101,0,1.101,0,1.101,0
SECO,1.050,0.931,102850,1.000,0.151,3,1,1,1.050,1,1.050,1,1.050,1
TRMT,1.000,0.887,44375,0.806,0.136,10-18-32,1,0,1.011,23,1.011,23,1.011,23
BSTI,1.023,1.148,516600,1.000,0.028,1-18-19-21-135,2,6,1.023,6,1.036,59,1.036,59
DESP,1.017,1.115,370330,0.190,0.129,7-18,2,10,1.034,27,1.048,36,1.126,339
OMP,1.007,0.985,125625,0.545,0.123,7-18-37,2,0,1.007,0,1.007,0,1.007,0
NITE,1.041,1.232,92460,0.191,0.065,3-31-56,1,0,1.041,0,1.041,0,1.446,308
RYB,1.095,1.304,188136,1.000,0.114,1-7,2,7,1.099,28,1.126,55,1.144,62
DCPH,1.024,1.179,150375,0.235,0.116,4-19,1,0,1.024,0,1.024,0,1.024,0
NCNA,1.060,1.033,103338,0.216,0.064,3-18-41,1,10,1.070,12,1.092,50,1.092,50
ROKU,1.158,1.127,247241,1.000,0.137,7-18,1,8,1.170,24,1.176,51,1.489,319
PQG,1.000,0.971,493000,0.214,0.100,1-2-7-18,2,0,1.015,22,1.018,51,1.026,89
BRACU,1.005,1.009,121080,0.779,0.014,99,1,0,1.005,0,1.005,0,1.006,309
RYTM,1.199,1.365,163630,0.270,0.090,7-8-41,1,6,1.199,6,1.226,60,1.457,253
SWCH,1.147,1.276,678125,1.000,0.148,2-19-31-37,2,3,1.147,3,1.147,3,1.147,3
KIDS,1.111,1.385,72000,0.332,0.028,4-26,1,0,1.161,19,1.161,19,1.161,19
OPTN,1.047,1.250,150000,0.205,0.073,3-4-10-31,1,0,1.047,0,1.047,0,1.047,0
CARG,1.041,1.812,272600,0.122,0.177,2-10-110,1,8,1.041,8,1.041,8,1.041,8
HAIR,1.399,1.221,30566,0.125,0.057,15,1,8,1.399,8,1.399,8,1.399,8
RMBL,1.000,1.000,16005,0.244,0.006,13-14,1,0,1.000,0,1.000,0,1.000,0
QD,1.032,1.431,1288125,1.000,0.149,1-7-18-32-153-171,2,1,1.032,1,1.032,1,1.032,1
LYL,1.279,1.232,10504,0.122,0.008,45-328,1,6,1.488,28,1.624,44,1.958,357
MDB,1.030,1.375,264000,0.992,0.172,2-7-17-110,1,0,1.030,0,1.030,0,1.030,0
REDU,1.062,1.103,176000,1.000,0.105,1-7,1,10,1.078,29,1.106,40,1.116,88
FAT,1.093,1.067,25600,0.200,0.058,301,1,0,1.093,0,1.093,0,1.093,0
CMSSU,1.002,1.001,180180,0.783,0.022,99,1,0,1.002,0,1.002,0,1.002,0
EYE,1.012,1.307,454250,0.219,0.072,2-8-18-116,1,1,1.012,1,1.012,1,1.012,1
FSCT,1.029,1.193,138600,0.143,0.173,7-18-19,1,1,1.029,1,1.029,1,1.029,1
HYACU,1.000,1.007,302100,0.800,0.013,30,1,0,1.000,0,1.000,0,1.000,0
MBIN,1.017,1.062,106250,0.225,0.070,34-38-55,1,2,1.017,2,1.017,2,1.017,2
BPMP,1.008,0.936,716125,0.811,0.084,2-7-18,2,2,1.023,29,1.023,29,1.042,137
NEXA,1.000,1.031,511500,0.233,0.029,1-7-19-31,2,0,1.018,30,1.047,51,1.113,206
ACMR,1.038,1.459,16340,0.157,0.015,14,1,0,1.038,0,1.038,0,1.038,0
ALNA,1.033,0.857,63999,0.259,0.156,1-3-41,1,0,1.033,0,1.033,0,1.033,0
FNKO,1.030,0.667,83333,0.446,0.152,2-8-19,1,0,1.075,21,1.075,21,1.075,21
HX,1.133,1.500,75000,0.563,0.008,45,1,0,1.133,0,1.133,0,1.133,0
STNLU,1.000,1.014,304200,0.800,0.024,1-2-18,1,0,1.000,0,1.000,0,1.000,0
AQ,1.042,1.000,33333,1.000,0.069,12-18,2,1,1.042,1,1.042,1,1.042,1
AQUA,1.026,1.061,530555,0.245,0.127,1-10-19,2,4,1.026,4,1.041,42,1.102,249
LOMA,1.009,1.139,995899,0.386,0.084,7-8-18-22-77-143,2,8,1.015,13,1.016,48,1.023,91
APLS,1.028,1.036,155353,0.218,0.034,18-19-48,1,0,1.028,0,1.028,0,1.028,0
CBTX,1.014,1.077,67200,0.098,0.061,35-55,1,0,1.066,26,1.066,26,1.066,26
IFRX,1.019,1.013,101271,0.285,0.047,19-31-56,1,0,1.019,0,1.019,0,1.019,0
FEDU,1.052,1.020,103020,1.000,0.057,7-18-44,2,2,1.052,2,1.052,2,1.052,2
MCB,1.001,1.113,120745,0.401,0.195,19-35,2,0,1.001,0,1.001,0,1.001,74
SOGO,1.108,1.000,585000,1.000,0.141,1-19-135-171,2,10,1.131,12,1.131,12,1.131,12
BAND,1.045,1.053,84240,0.991,0.098,7-9-39,1,2,1.045,2,1.045,2,1.045,2
ERYP,1.043,1.147,125025,0.274,0.005,3-41-342,1,0,1.043,0,1.043,0,1.043,0
PPDF,1.100,0.760,226100,1.000,0.048,1-18,2,4,1.100,4,1.100,4,1.100,4
ARCT,1.667,1.000,39600,0.040,0.028,96,1,8,1.667,8,1.687,50,1.748,389
BXG,1.046,0.896,81558,0.087,0.078,1-26,2,2,1.052,19,1.052,19,1.052,19
AMRH,1.000,1.000,11793,0.103,0.000,16-96,1,0,1.000,0,1.000,0,1.000,0
ASNS,1.092,1.300,52000,0.292,0.021,4-18-41,1,7,1.092,7,1.123,44,1.123,44
JT,1.022,1.031,185625,1.000,0.060,7-19-135,2,0,1.022,0,1.022,0,1.022,0
SEND,1.036,1.159,152110,0.201,0.152,7-19,2,7,1.036,7,1.036,7,1.036,7
SFIX,1.096,1.127,135200,1.000,0.081,2-19,1,2,1.096,2,1.096,2,1.096,2
BRPAU,1.002,1.001,60060,0.762,0.034,99,1,0,1.002,0,1.002,0,1.002,0
SBT,1.009,1.029,185250,0.283,0.033,34,1,8,1.009,8,1.012,51,1.020,104
SCPH,1.048,1.018,91200,0.363,0.037,3-31-56,1,6,1.048,14,1.048,14,1.048,14
SAIL,1.007,1.242,298000,0.234,0.140,3-7-10-18,2,0,1.007,0,1.007,0,1.007,0
LEVB,1.140,0.860,10320,0.267,0.014,294,3,2,1.140,2,1.140,2,1.140,2
BOXL,1.000,1.310,9170,0.106,0.008,58-69-254-294,1,0,1.000,0,1.000,0,1.000,0
CASA,1.011,1.038,81000,0.075,0.121,7-17,1,1,1.036,30,1.065,38,1.121,161
CUE,1.040,1.599,105760,0.530,0.001,94-134,1,1,1.040,1,1.040,1,1.040,1
DNLI,1.029,2.133,141131,0.530,0.002,2-7-19,1,10,1.029,10,1.029,10,1.029,10
DOGZ,1.103,1.160,63800,0.650,0.004,321,1,7,1.103,7,1.103,7,1.103,7
ICLK,1.247,1.062,31875,1.000,0.019,1-14-45-49-344,1,6,1.247,6,1.280,57,1.280,57
ILPT,1.010,0.987,474000,0.308,0.063,10-18-32,1,8,1.011,30,1.013,33,1.013,33
LBC,1.013,1.093,142762,0.224,0.063,34-35,1,0,1.013,0,1.013,0,1.015,305
LX,1.261,1.311,141600,1.000,0.010,8-21-44-135,1,4,1.261,4,1.261,4,1.261,4
ODT,1.063,0.958,143750,0.232,0.031,2-3,1,6,1.063,6,1.063,6,1.063,6
QTRX,1.037,1.083,69472,0.202,0.066,19-41-56,1,3,1.040,28,1.084,58,1.091,315
RETO,1.140,1.660,23240,0.125,0.004,60,1,9,1.205,20,1.205,20,1.504,171
ADT,1.025,0.904,1328250,0.140,0.062,2-7,2,1,1.025,1,1.025,1,1.025,1
CURO,1.008,1.057,98666,0.150,0.060,1-3-55,2,10,1.013,11,1.013,11,1.013,11
LBRT,1.014,1.247,269899,0.185,0.182,2-7-37,2,0,1.036,21,1.036,21,1.043,327
COLD,1.009,1.094,792750,0.328,0.084,8-10-19,2,0,1.009,0,1.009,0,1.029,351
NINE,1.029,1.043,168000,0.302,0.166,2-19-37,2,10,1.029,10,1.031,54,1.208,280
TORC,1.101,1.241,105513,0.208,0.045,8-48-56,1,0,1.101,0,1.101,0,1.101,0
ARMO,1.109,1.647,210823,0.257,0.067,3-31-56,1,2,1.139,29,1.172,58,1.172,58
EYEN,1.074,1.000,27300,0.275,0.051,14-96,1,2,1.074,2,1.074,2,1.074,2
MNLO,1.134,1.206,143500,0.319,0.048,3-4-92,1,10,1.238,29,1.238,29,1.517,327
SLDB,1.098,1.594,199218,0.234,0.085,2-19-56,1,10,1.147,13,1.147,13,1.147,13
AGS,1.030,1.062,174250,0.305,0.100,1-21,2,8,1.044,15,1.089,52,1.113,330
GTES,1.016,1.003,733425,0.136,0.083,7-18-32,2,3,1.019,12,1.019,12,1.019,12
PAGS,1.037,1.312,2971872,0.982,0.149,2-7,2,9,1.037,9,1.037,9,1.046,306
VICI,1.006,1.054,1275340,0.168,0.075,2-7-8,2,0,1.012,25,1.012,25,1.012,25
SLGL,1.075,1.278,95812,0.348,0.063,3-31-350-351-352,1,0,1.075,0,1.075,0,1.075,0
CDLX,1.039,0.931,65340,0.277,0.182,8-19,1,6,1.039,6,1.039,6,1.149,222
EOLS,1.031,0.958,57500,0.212,0.001,30-79,1,-5,1.031,-5,1.031,-5,1.031,-5
IPIC,1.000,0.919,13913,0.656,0.025,14-301,1,0,1.000,0,1.000,0,1.000,0
OSS,1.081,1.110,21090,0.308,0.029,14,1,0,1.081,0,1.081,0,1.081,0
SSLJ,1.000,1.000,20000,0.478,0.005,328,1,0,1.000,0,1.000,0,1.000,0
VCTR,1.027,0.925,140634,1.000,0.000,7-8-19,1,5,1.027,5,1.027,5,1.027,5
CAAP,1.058,1.000,485714,0.179,0.068,12,2,0,1.058,0,1.058,0,1.058,0
FTSI,1.025,1.056,370500,0.183,0.106,1-7,2,10,1.042,18,1.053,45,1.105,357
HMI,1.000,1.091,120000,1.000,0.096,1-18-44-207,2,0,1.000,0,1.000,0,1.000,0
HUD,1.000,0.945,707548,1.000,0.094,1-7-32,2,0,1.000,0,1.000,0,1.002,189
QES,1.027,0.900,83333,0.280,0.035,8-336,2,0,1.027,0,1.049,36,1.049,36
WHD,1.040,1.067,466440,1.000,0.000,1-18,2,5,1.040,5,1.040,5,1.040,5
BFRA,1.079,1.316,15795,1.000,0.013,115,1,1,1.079,1,1.079,1,1.079,1
MOTS,1.056,1.000,17500,0.225,0.057,4-12,1,0,1.056,0,1.056,0,1.056,0
FAMI,1.295,1.100,7392,0.144,0.003,60,1,10,1.432,22,1.511,32,1.511,32
BTAI,1.083,1.002,60109,0.349,0.080,17-31-32,1,7,1.083,7,1.083,7,1.083,7
AIHS,1.080,1.377,16530,0.118,0.006,60,1,8,1.080,8,1.089,43,1.089,43
BWB,1.015,1.077,84822,0.231,0.044,34-83,1,4,1.018,22,1.027,58,1.027,58
ZS,1.019,1.719,330000,0.102,0.209,2-7,1,0,1.019,0,1.019,0,1.217,294
RCUS,1.070,1.333,160000,0.188,0.098,2-18-56,2,10,1.105,23,1.105,23,1.105,23
DNJR,1.077,1.300,8060,0.107,0.014,60,1,0,1.077,0,1.077,0,1.077,0
DBX,1.086,1.381,1044000,0.685,0.216,2-8-19-21-110,1,9,1.090,14,1.090,14,1.090,14
OPBK,1.021,1.068,23500,0.132,0.045,35,1,0,1.030,23,1.038,40,1.047,336
STG,1.075,1.139,170300,0.286,0.074,1-19-135,2,2,1.075,2,1.075,2,1.075,2
BILI,1.083,0.852,411600,1.000,0.078,7-8-19,1,10,1.083,10,1.102,59,1.149,283
FIXX,1.061,1.438,207000,0.249,0.056,8-41-48,1,0,1.061,0,1.061,0,1.061,0
GNPX,1.119,0.938,6003,0.098,0.024,45,1,9,1.173,14,1.173,14,1.173,14
IQ,1.018,1.011,2275000,1.000,0.114,1-8-135,1,0,1.018,0,1.018,0,1.018,0
UMRX,1.021,0.979,67797,0.195,0.045,7-41,1,0,1.021,0,1.021,0,1.021,0
GHG,1.021,1.029,146880,1.000,0.029,7-8-32,2,0,1.021,0,1.021,0,1.021,0
ZUO,1.050,1.429,220000,1.000,0.187,2-3-7-110,2,4,1.062,22,1.062,22,1.093,246
EACQU,1.002,1.000,180000,0.800,0.030,18,1,1,1.002,1,1.002,1,1.002,1
TRTLU,1.004,1.000,185000,0.800,0.037,21,1,3,1.004,3,1.004,3,1.004,3
LEAF,1.009,1.124,401962,0.189,0.126,1-8-17-18-110,2,0,1.028,25,1.028,25,1.048,368
EVER,1.010,1.040,199888,0.170,0.055,2,1,8,1.023,27,1.038,57,1.038,57
BV,1.034,1.333,151748,0.167,0.000,1-7-21,2,0,1.073,21,1.073,21,1.073,21
AMBO,1.260,1.000,106772,0.500,0.055,19-135,3,0,1.260,0,1.260,0,1.260,0
AHPAU,1.008,0.982,294600,0.800,0.043,1,1,10,1.008,10,1.011,54,1.015,334
JSYNU,1.005,0.995,38805,0.754,0.035,13-70,1,0,1.005,0,1.005,0,1.005,0
EAGLU,1.001,1.001,480480,0.800,0.018,8-21,1,4,1.002,29,1.002,29,1.008,118
PACQU,1.005,1.000,36000,0.746,0.079,70,1,1,1.005,1,1.005,1,1.005,1
FMCIU,1.002,1.000,150000,0.771,0.030,99-120,1,1,1.002,1,1.002,1,1.003,181
BNGOU,1.000,0.979,20160,0.354,0.006,14,1,0,1.067,27,1.124,31,1.124,31
TZACU,1.011,1.001,55055,0.764,0.066,13,1,0,1.011,0,1.011,0,1.011,0
SFET,1.000,0.836,6125,0.374,0.000,70,1,0,1.000,0,1.000,0,1.000,0
TKKSU,1.000,1.008,221760,0.794,0.019,99,1,0,1.000,0,1.000,0,1.000,0
ARDS,1.064,1.002,26040,0.253,0.049,30,1,4,1.064,4,1.064,4,1.064,4
MESA,1.000,1.000,115560,0.282,0.053,8-38,1,0,1.000,0,1.000,0,1.000,0
VCNX,1.000,1.000,40000,0.290,0.026,12-112,1,0,1.000,0,1.000,0,1.000,0
ARLO,1.100,1.156,188977,0.140,0.070,8-21-92,2,9,1.116,21,1.116,21,1.214,353
CWK,1.010,1.059,810000,0.216,0.078,2-7-19-32,2,1,1.010,1,1.010,1,1.010,1
TOTAU,1.003,1.012,40480,0.769,0.038,70,1,2,1.003,2,1.003,2,1.003,2
ADIL,1.100,0.800,5856,0.224,0.016,13-69-294,1,1,1.100,1,1.100,1,1.100,1
DAVA,1.040,1.250,158500,0.574,0.106,1-7-18-21,2,6,1.040,6,1.040,6,1.040,6
OPRA,1.089,1.195,137664,1.000,0.088,18-171,1,9,1.089,9,1.089,9,1.089,9
WISA,1.000,1.000,12000,0.163,0.009,310-311-357-358,1,0,1.000,0,1.000,0,1.000,0
TENB,1.027,1.435,359700,0.120,0.174,7-19-21-110,1,0,1.027,0,1.027,0,1.027,0
PDD,1.036,1.395,2268400,1.000,0.094,1-135-171,1,3,1.036,3,1.036,3,1.036,3
FOCS,1.000,1.088,582162,0.402,0.077,2-8-116,1,0,1.000,0,1.000,0,1.081,174
JG,1.043,1.059,81540,1.000,0.039,1-21-135,1,1,1.087,24,1.089,34,1.089,34
LQDA,1.080,1.132,56590,0.301,0.048,3-41,1,3,1.080,3,1.080,3,1.080,3
BRY,1.034,0.946,172826,0.160,0.049,2-31-37,1,10,1.034,10,1.034,10,1.064,276
CANG,1.111,1.136,50000,1.000,0.019,7-8-135,2,1,1.111,1,1.111,1,1.111,1
AQST,1.055,1.003,67725,0.184,0.079,10-31,1,0,1.153,30,1.153,30,1.282,145
BE,1.037,1.247,336600,1.000,0.106,7-19,2,6,1.059,28,1.112,44,1.310,316
GLACU,1.006,1.011,40440,0.759,0.034,70,1,0,1.006,0,1.006,0,1.006,0
PRVB,1.000,2.000,131000,0.434,0.004,134,1,0,1.000,0,1.000,0,1.000,0
REPL,1.014,1.067,107200,0.217,0.106,19-31-56,1,0,1.014,0,1.014,0,1.014,0
TLRY,1.039,1.356,207450,0.120,0.072,41,1,0,1.039,0,1.039,0,1.041,287
MYFW,1.010,1.092,40981,0.262,0.037,35-55,1,0,1.010,0,1.010,0,1.010,0
ESTA,1.038,1.444,96597,0.201,0.082,3-41,1,2,1.038,2,1.038,2,1.038,2
CNST,1.064,0.765,45920,0.156,0.078,3-19-31,1,4,1.064,4,1.064,4,1.064,4
ALLK,1.032,1.511,194026,0.176,0.103,2-3,1,3,1.123,26,1.195,51,1.222,168
CCB,1.046,1.121,46312,0.250,0.046,35-179,1,0,1.046,0,1.046,0,1.046,0
CRNX,1.111,1.132,115500,0.261,0.127,4-19-56,1,9,1.273,23,1.280,56,1.325,179
RUBY,1.082,1.327,319836,0.136,0.052,3-7-19-56,1,3,1.082,3,1.082,3,1.082,3
ALGRU,1.001,1.006,130780,0.782,0.035,30,1,0,1.001,0,1.001,0,1.001,0
BJ,1.083,1.250,796875,0.297,0.116,2-8-19-21,2,0,1.083,0,1.083,0,1.083,0
ENTX,1.027,0.912,10220,0.123,0.019,12-13,1,0,1.027,0,1.027,0,1.027,0
HCCHU,1.004,1.005,50250,0.789,0.045,99,1,0,1.004,0,1.004,0,1.004,0
FTSV,1.029,0.938,105595,0.235,0.103,1-7,1,0,1.029,0,1.029,0,1.029,0
STIM,1.039,1.471,137500,0.328,0.065,4-6,1,2,1.039,2,1.039,2,1.194,325
TBIO,1.074,0.885,107525,0.209,0.067,18-48-56,1,5,1.074,5,1.074,5,1.074,5
TCDA,1.072,1.316,292500,0.291,0.057,2-19-41,1,8,1.115,31,1.178,49,1.248,157
UXIN,1.009,1.156,260000,1.000,0.091,7-19-44-135-171,1,0,1.009,0,1.009,0,1.009,0
NTGN,1.014,1.000,100000,0.222,0.080,7-8-79,1,1,1.014,1,1.014,1,1.014,1
LOVE,1.050,1.562,87500,0.271,0.056,14,1,0,1.050,0,1.050,0,1.050,0
HYRE,1.171,1.110,13986,0.241,0.031,45,1,3,1.171,3,1.171,3,1.171,3
ECOR,1.100,1.200,93600,0.183,0.030,4-30-33-48,1,0,1.100,0,1.100,0,1.116,328
AUTL,1.071,1.647,247058,0.227,0.052,2-3,1,0,1.071,0,1.071,0,1.071,0
APTX,1.117,1.087,111359,0.197,0.085,19-31-41-56,1,6,1.164,19,1.171,57,1.200,290
IIIV,1.053,1.385,119700,0.822,0.077,9-38-41,1,9,1.083,13,1.083,13,1.083,13
KZR,1.024,1.333,100000,0.273,0.035,3-6-37-41,1,0,1.024,0,1.024,0,1.024,0
EPRT,1.006,0.964,438425,0.793,0.054,2-17-18,2,0,1.019,26,1.032,51,1.032,51
MGTA,1.054,1.033,103333,0.194,0.088,2-19-41,1,1,1.054,1,1.054,1,1.054,1
AVRO,1.080,1.539,153502,0.227,0.096,7-37-41,1,8,1.144,21,1.176,53,1.197,210
XERS,1.103,1.050,89775,0.289,0.022,3-10-56,1,4,1.152,31,1.225,31,1.288,359
TWLVU,1.003,1.002,180360,0.771,0.036,99,1,5,1.006,15,1.006,15,1.007,170
LFACU,1.000,1.002,135270,0.800,0.049,38-345,1,0,1.000,0,1.000,0,1.000,0
EIDX,1.032,1.176,125000,0.175,0.062,8-19,1,3,1.032,3,1.091,58,1.243,216
TBRGU,1.000,1.005,226125,0.800,0.014,30-175,1,0,1.000,0,1.000,0,1.000,0
VRCA,1.121,1.333,100000,0.200,0.044,3-8-41,1,0,1.121,0,1.121,0,1.121,0
NEW,1.081,1.000,122400,1.000,0.047,17-18-21-171-361,2,4,1.212,28,1.306,57,1.306,57
AVLR,1.084,1.458,262500,0.115,0.155,2-8-19,2,2,1.084,2,1.084,2,1.284,321
CHRA,1.004,0.979,86397,0.246,0.061,7-8,2,0,1.004,0,1.004,0,1.021,365
USX,1.015,1.019,294312,0.561,0.056,7-8,2,2,1.015,2,1.028,48,1.039,198
MGTX,1.026,1.007,75500,0.184,0.065,8-17-48,1,2,1.026,2,1.026,2,1.026,2
HJLI,1.128,1.000,7500,0.148,0.031,45-310-358,1,6,1.128,6,1.128,6,1.128,6
TDACU,1.003,1.001,175175,0.760,0.010,70,1,4,1.003,4,1.003,4,1.003,4
ITRM,1.002,0.977,78105,0.441,0.022,10-56,1,0,1.002,0,1.002,0,1.015,235
KNSA,1.008,1.358,207281,0.575,0.045,2-19,1,0,1.008,0,1.008,0,1.008,0
SRRK,1.018,1.018,76380,0.219,0.028,3-31-41,1,0,1.091,24,1.091,24,1.123,258
GSKY,1.043,0.963,841700,0.733,0.122,2-7-19,1,10,1.054,12,1.054,12,1.063,274
CLPS,1.101,1.097,11520,0.150,0.035,59-115,1,0,1.101,0,1.101,0,1.101,0
EVOP,1.006,1.253,280700,0.925,0.174,5-8-18-19-21,1,0,1.006,0,1.006,0,1.006,0
PS,1.013,1.333,414000,0.346,0.144,7-8-17-19,1,0,1.034,20,1.034,20,1.034,20
VTIQU,1.001,1.000,200000,0.775,0.081,41-70,1,0,1.001,0,1.001,0,1.001,0
TMCXU,1.001,1.000,300000,0.800,0.072,345,1,0,1.002,17,1.002,17,1.002,17
HUYA,1.101,1.292,232500,1.000,0.150,1-32-135,2,9,1.101,9,1.101,9,1.101,9
EQH,1.007,0.988,2710687,0.245,0.036,7-17-18-19,2,1,1.007,1,1.013,39,1.038,295
EVLO,1.025,1.000,85000,0.167,0.069,7-31-41,1,5,1.025,5,1.025,5,1.027,83
OBNK,1.019,1.066,131811,0.165,0.059,38-55,1,7,1.022,14,1.022,14,1.046,325
ROAD,1.018,1.083,146250,1.000,0.048,38-39-55,1,0,1.018,0,1.018,0,1.018,0
STXB,1.018,1.048,44000,0.211,0.076,35-55,1,0,1.025,14,1.025,14,1.025,14
ASLN,1.049,0.875,36900,0.187,0.034,4-56,1,0,1.049,0,1.049,0,1.049,0
BCML,1.009,1.036,65007,0.275,0.007,83-84,1,0,1.009,0,1.009,0,1.022,232
CBLK,1.046,1.300,197600,0.122,0.161,7-19,1,8,1.046,8,1.046,8,1.046,8
INSP,1.000,1.531,165307,0.333,0.113,2-8,2,0,1.000,0,1.000,0,1.035,297
UBX,1.078,1.118,95000,0.119,0.030,2-7-18,1,2,1.078,2,1.078,2,1.078,2
XSPL,1.056,1.102,7202,0.261,0.001,311,1,0,1.169,26,1.169,26,1.234,172
PRT,1.043,0.941,100000,0.514,0.131,2-32-37,2,2,1.043,2,1.043,2,1.043,2
DOCU,1.018,1.310,824600,0.143,0.153,7-19,1,10,1.018,10,1.049,60,1.076,260
GSHD,1.002,1.200,102360,0.696,0.061,8-19,1,1,1.083,15,1.083,15,1.462,290
SMAR,1.005,1.227,214064,1.000,0.168,3-7-10-19,2,0,1.005,0,1.019,36,1.071,321
LASR,1.033,1.438,138000,0.178,0.112,26-38,1,0,1.033,0,1.033,0,1.238,292
CDAY,1.037,1.314,606900,0.158,0.162,2-19,2,2,1.055,15,1.055,15,1.099,294
LEVL,1.062,1.036,34800,0.159,0.019,35-38,1,3,1.062,3,1.062,3,1.062,3
PVTL,1.003,1.117,619750,0.495,0.123,2-7-18,2,0,1.003,0,1.003,0,1.044,316
SURF,1.000,0.983,106200,0.261,0.102,2-41-48,1,0,1.000,0,1.000,0,1.000,0
EAF,1.031,0.983,516250,0.116,0.073,1-19,2,5,1.031,5,1.031,5,1.031,5
AGMH,1.083,1.100,7183,0.061,0.002,45,1,1,1.136,29,1.207,31,1.364,74
TIBRU,1.000,1.001,150150,0.800,0.036,30-89,1,0,1.001,20,1.001,20,1.002,260
OPESU,1.002,1.003,100300,0.775,0.066,99,1,0,1.002,0,1.002,0,1.002,0
DFBHU,1.004,1.000,250000,0.800,0.061,2-21,1,5,1.004,5,1.004,5,1.004,5
MUDSU,1.000,1.000,200000,0.800,0.000,30,1,0,1.000,0,1.000,0,1.000,0
MTECU,1.004,1.001,50050,0.772,0.035,99,1,4,1.006,21,1.008,39,1.008,39
GPAQU,1.002,1.000,125000,0.800,0.072,345,1,1,1.002,1,1.002,1,1.002,1
NEBUU,1.001,1.003,250749,0.800,0.020,2-21,1,0,1.002,16,1.002,16,1.002,16
LACQU,1.001,1.000,200000,0.800,0.064,7,1,0,1.001,0,1.001,0,1.001,0
