symbol,date,ipo_price,open_price,pm,minutes,pem,shares,outstanding,leading_underwriter
AAOI,20130926,10.00,10.00,10.09,0,10.09,3600000,12604334,piper jaffray
AAPC,20150429,10.00,10.01,10.04,1,10.04,7500000,10137500,citigroup
AAVL,20140731,17.00,25.00,27.47,7,27.47,6000000,21357278,jefferies
ABCW,20141022,26.00,28.66,29.90,0,30.70,371959,9300000,sandler o'neill
ABGB,20131017,12.18,12.33,12.77,2,12.78,50000000,140705272,citigroup
ABY,20140613,29.00,35.16,35.94,10,37.00,24850000,80000000,bofa merrill lynch
ACRX,20110211,5.00,5.00,5.09,0,5.09,8000000,19371750,piper jaffray
ADAP,20150506,17.00,19.25,19.50,0,19.50,11250000,70785317,bofa merrill lynch
ADHD,20130522,8.00,8.25,8.30,0,8.30,3125000,11126884,aegis
ADMS,20140410,16.00,16.85,17.23,0,17.23,3000000,16431700,credit suisse
ADRO,20150415,17.00,32.00,34.20,2,34.88,7000000,58950504,bofa merrill lynch
AEGR,20101022,9.50,9.70,10.92,5,10.92,5000000,16853236,leerink
AERI,20131025,10.00,10.55,10.86,1,10.86,6720000,22205717,rbc
AFH,20130212,5.85,5.85,5.98,2,5.98,4125000,7644392,sandler o'neill
AFMD,20140912,7.00,6.95,7.00,0,7.00,8000000,23984168,jefferies
AGIO,20130724,18.00,29.00,30.49,2,30.49,5888888,30127620,goldman sachs
AGRX,20140523,6.00,5.50,5.85,10,5.94,9166667,18592059,william blair
AGTC,20140327,12.00,12.75,13.50,0,13.60,4166667,13395787,barclays
AKAO,20140312,12.00,12.85,14.00,0,14.00,6000000,16780647,credit suisse
AKBA,20140320,17.00,22.90,23.89,10,24.36,5882353,19268027,credit suisse
AKER,20140123,5.50,5.66,5.70,0,5.70,2727000,4894837,aegis
ALDR,20140508,10.00,10.35,10.65,1,10.65,8000000,29902822,credit suisse
ALDX,20140502,8.00,7.50,7.69,1,7.69,1500000,5170164,aegis
ALRM,20150626,14.00,16.05,17.60,9,17.88,7000000,44846440,credit suisse
ALTR,20171101,13.00,17.00,17.43,1,17.43,12000000,21387512,rbc
AMBA,20121010,6.00,6.71,6.80,0,6.85,6000000,25909462,morgan stanley
AMDA,20140213,5.75,6.16,6.50,0,6.50,3500000,12127454,jmp
AMPH,20140625,7.00,7.00,7.75,9,7.75,8000000,43405940,jefferies
AMRS,20100928,16.00,16.50,17.23,1,17.25,5300000,42982681,goldman sachs
ANAC,20101124,5.00,5.00,5.15,0,5.15,12000000,26614227,citigroup
ANGI,20111117,13.00,18.00,18.75,0,18.75,8793408,55594944,bofa merrill lynch
APIC,20150424,17.00,20.00,20.50,1,20.50,5115000,29087406,credit suisse
APPF,20150626,12.00,12.15,13.74,2,13.94,6200000,6200000,credit suisse
AQMS,20150731,5.00,6.50,6.55,0,6.55,6600000,13425384,national
AQXP,20140307,11.00,11.80,12.50,10,12.57,4200000,10045260,jefferies
ARCP,20110907,12.50,12.50,12.61,4,12.61,8800000,9073000,ladenburg thalmann
ARDX,20140619,14.00,14.50,14.88,2,14.88,4286000,17886167,citigroup
ARGS,20140207,8.00,8.90,9.91,0,9.91,5625000,19048958,piper jaffray
ASND,20150128,18.00,21.50,21.97,0,21.97,6000000,22935780,bofa merrill lynch
ATOS,20121108,5.00,4.55,5.00,9,5.00,800000,12919367,dawson james
ATRA,20141016,11.00,9.89,10.89,4,10.89,5000000,19403128,goldman sachs
AVGR,20150130,13.00,13.43,13.60,0,13.60,5000000,10229806,canaccord genuity
AVNU,20150210,11.00,14.30,14.30,0,14.30,2500000,10009800,keefe bruyette and woods
AWAY,20110629,27.00,36.10,38.39,10,41.00,8000000,79829804,morgan stanley
BBRG,20101021,14.00,14.50,16.00,6,16.00,10000000,19250000,jefferies
BCOV,20120217,11.00,14.50,15.40,5,15.76,5000000,26375037,morgan stanley
BIND,20130920,15.00,15.00,15.00,0,15.00,4700000,15777322,credit suisse
BIOC,20140205,10.00,10.00,10.02,0,10.02,1900000,4522358,aegis
BITI,20150611,14.89,16.25,18.50,3,18.50,3761418,12216020,rbc
BLCM,20141218,19.00,24.56,26.03,0,26.23,7350000,25849571,jefferies
BLMN,20120808,11.00,11.60,12.47,9,12.52,16000000,119906167,morgan stanley
BLMT,20111005,10.00,10.60,10.70,0,10.70,7820000,N/A,keefe bruyette and woods
BLPH,20150213,12.00,10.00,10.17,6,10.17,5000000,12905326,cowen
BLUE,20130619,17.00,25.50,27.00,6,27.00,5941176,21869488,bofa merrill lynch
BLVDU,20140213,10.00,10.05,10.05,0,10.05,21000000,26250000,citigroup
BNFT,20130918,26.50,42.50,48.49,6,48.49,4935000,24312049,goldman sachs
BOJA,20150508,19.00,26.55,27.97,3,27.97,7750000,35903836,jefferies
BONA,20101209,8.50,8.50,21.50,0,21.50,11740000,29349481,bofa merrill lynch
BPMC,20150430,18.00,23.40,23.89,5,23.89,8145834,25831965,goldman sachs
BUFF,20150722,20.00,27.00,27.45,8,27.45,33831554,196070407,citigroup
BVXV,20150512,5.00,4.89,4.89,0,4.89,1910000,3267434,aegis
BWFG,20140515,18.00,18.22,18.26,1,18.26,2702703,6579096,sandler o'neill
BZUN,20150521,10.00,10.25,11.28,0,11.28,11000000,11000000,credit suisse
CAFD,20150619,21.00,20.75,21.00,2,21.00,20000000,20000000,goldman sachs
CALA,20141002,10.00,10.22,11.24,3,11.24,8000000,17881573,citigroup
CAPN,20141113,6.50,5.10,5.16,1,5.16,1650000,6472670,maxim
CARA,20140131,11.00,11.62,12.05,10,12.41,5000000,21842431,piper jaffray
CARB,20110811,10.00,10.80,13.40,1,13.40,6250000,24000105,bofa merrill lynch
CATB,20150625,12.00,12.74,13.00,2,13.00,5000000,14547796,citigroup
CBF,20120920,18.00,18.10,18.19,0,18.30,10000000,32573844,credit suisse
CBYL,20150409,5.00,6.50,6.58,0,6.58,13000000,24246963,leerink
CCCR,20130813,6.50,6.00,7.24,2,7.24,1370000,10370000,axiom capital management
CCIH,20101001,13.90,27.00,30.00,0,30.70,6060980,371297132,bofa merrill lynch
CCXI,20120208,10.00,10.49,12.20,10,12.77,4500000,35254914,citigroup
CDNA,20140717,10.00,9.50,9.99,6,9.99,4000000,11570552,piper jaffray
CDRB,20150519,5.00,15.85,15.85,0,15.85,2000000,13610000,burnham
CDTX,20150415,16.00,16.11,19.13,7,19.13,4800000,13494118,jefferies
CDW,20130627,17.00,17.64,18.65,9,18.67,23250000,168469728,goldman sachs
CEMP,20120203,6.00,6.20,6.50,0,6.58,8400000,19768962,stifel nicolaus
CERE,20120222,13.00,14.80,15.41,2,15.41,5000000,23477907,goldman sachs
CERU,20140410,7.00,7.10,7.66,4,7.66,8500000,19014563,leerink
CFMS,20150701,15.00,18.00,20.42,10,20.42,9000000,39086637,jp morgan
CG,20120503,22.00,22.00,22.45,3,22.45,30500000,30500000,credit suisse
CGIX,20130405,10.00,10.00,10.03,8,10.03,600000,4200717,william blair
CHEF,20110728,15.00,17.00,17.28,0,17.28,9000000,20666667,jefferies
CHMA,20150716,16.00,20.50,21.79,10,22.09,6365000,22974642,barclays
CHUY,20120724,13.00,15.00,15.00,0,15.00,5833333,15043428,jefferies
CLCD,20150506,10.00,8.50,8.50,0,8.50,5500000,15138989,piper jaffray
CLDN,20140130,8.00,9.90,10.15,0,10.15,5500000,17675015,barclays
CLIR,20120425,4.00,4.11,4.34,2,4.34,3000000,8157716,mdb
CLLS,20150325,41.50,41.50,42.04,1,42.04,5500000,34946721,jefferies
CLVS,20111116,13.00,13.05,13.39,3,13.39,10000000,21663604,credit suisse
CMRX,20130411,14.00,15.14,16.07,6,16.35,7320000,24410085,morgan stanley
CNAT,20130725,11.00,11.00,11.24,0,11.24,6000000,15575485,piper jaffray
CNCE,20140213,14.00,15.75,16.24,5,16.24,6000000,17218121,ubs
CNOB,20130212,28.00,30.50,31.00,0,31.00,1600000,4752951,stifel nicolaus
CNV,20141120,7.00,7.63,7.88,3,7.88,26800000,438914952,morgan stanley
COLL,20150507,12.00,12.00,13.00,3,13.00,5800000,19707935,jefferies
COMM,20131025,15.00,15.00,15.42,6,15.42,38461537,185653830,bofa merrill lynch
CONE,20130118,19.00,21.00,22.10,2,22.10,16500000,19413165,morgan stanley
COVS,20130926,10.00,12.60,13.57,1,13.74,6400000,36403000,credit suisse
CRTO,20131030,31.00,42.00,45.00,0,45.00,8082580,55298218,jefferies
CSOD,20110317,13.00,18.00,20.00,4,20.25,10500000,46636370,goldman sachs
CSTE,20120322,11.00,10.99,11.52,0,11.52,6660000,33366250,credit suisse
CTRL,20130802,16.00,18.70,19.00,0,19.39,4000000,22094267,bofa merrill lynch
CYAD,20150619,68.56,67.90,67.94,0,67.94,1460000,9307687,piper jaffray
CYBR,20140924,16.00,25.00,27.00,0,27.00,900000,31657908,barclays
CZR,20120208,9.00,9.06,13.96,10,13.96,1811313,125025500,credit suisse
DATE,20110511,11.00,11.00,11.62,5,11.62,7100000,46889394,bofa merrill lynch
DBVT,20141022,21.64,23.20,23.97,0,23.97,4277826,N/A,citigroup
DERM,20141003,16.00,18.00,18.50,0,18.50,7812500,19322429,citigroup
DFRG,20120727,13.00,12.75,12.76,0,12.76,5800000,23794667,piper jaffray
DNAI,20150716,17.00,28.68,33.75,5,33.75,8100000,28829138,jefferies
DNKN,20110727,19.00,25.00,27.46,6,27.46,22250000,120391613,morgan stanley
DPRX,20140313,12.00,14.60,15.86,2,15.86,2750000,8125377,oppenheimer
DRNA,20140130,15.00,30.00,34.81,3,34.81,6000000,16627660,jefferies
DSKY,20140807,15.00,17.50,19.05,0,19.05,7700000,7700000,credit suisse
DTEA,20150605,19.00,25.01,26.30,1,26.30,5100000,23155571,goldman sachs
EAC,20120411,8.00,8.00,8.25,2,8.25,4800000,9602970,oppenheimer
EARS,20140806,6.00,6.10,6.25,0,6.25,9400000,28241275,jefferies
EBIO,20140206,10.00,10.35,11.01,10,11.30,5000000,15393713,citigroup
ECYT,20110204,6.00,6.40,6.84,0,6.84,12500000,27702357,rbc
EGLT,20140206,12.00,12.50,12.66,0,12.66,4200000,14657503,stifel nicolaus
EGRX,20140212,15.00,15.50,16.44,3,16.44,3350000,13918742,piper jaffray
EIGI,20131025,12.00,11.00,11.48,10,11.64,21051000,126238316,credit suisse
ENPH,20120330,6.00,7.50,7.76,9,7.76,8969697,39290870,morgan stanley
ENVI,20120425,9.00,9.35,9.88,2,9.88,7755000,26657728,goldman sachs
EPZM,20130531,15.00,20.00,20.80,6,21.49,5142000,27643764,citigroup
ESPR,20130626,14.00,15.20,15.33,5,15.34,5000000,14079305,credit suisse
ETSY,20150416,16.00,31.00,34.85,7,35.20,16666666,110962515,goldman sachs
EVAR,20140425,11.00,11.00,11.34,0,11.34,5000000,16185797,jefferies
EVOK,20130925,12.00,11.15,11.45,0,11.45,2100000,5781752,aegis
EXA,20120628,10.00,10.00,10.13,0,10.13,6250000,13193161,stifel nicolaus
EYES,20141119,9.00,17.00,22.45,8,22.45,3500000,34625573,mdb
FANG,20121012,17.50,17.82,18.28,8,18.28,12500000,35111532,credit suisse
FATE,20131001,6.00,6.56,7.24,0,7.24,6666667,19156609,bmo
FB,20120518,38.00,42.00,45.00,0,45.00,421233615,633492418,goldman sachs
FBNK,20110630,10.00,11.00,11.50,0,11.50,17192500,15548000,keefe bruyette and woods
FEYE,20130920,20.00,40.30,43.44,10,44.89,15175000,117470849,goldman sachs
FGEN,20141114,18.00,23.00,23.45,1,23.45,8100000,56640106,goldman sachs
FIVE,20120719,17.00,26.05,26.64,10,26.64,9615384,53964948,goldman sachs
FIVN,20140404,7.00,7.95,9.35,6,9.35,10000000,46047510,bofa merrill lynch
FLDM,20110210,13.50,13.50,14.20,7,14.20,5558333,18975568,piper jaffray
FLKS,20150129,16.00,19.00,19.50,0,19.50,5400000,17805409,jefferies
FLXN,20140212,13.00,16.00,16.00,0,16.00,5000000,14746147,bmo
FMI,20130925,18.00,31.50,33.25,5,33.25,5888888,27172342,goldman sachs
FOGO,20150619,20.00,26.00,26.55,0,26.55,4411764,27253018,jefferies
FOMX,20140918,6.00,8.00,11.00,6,11.00,6700000,21475734,barclays
FOXF,20130808,15.00,18.00,18.69,0,18.69,8571429,36317087,piper jaffray
FPRX,20130918,13.00,16.00,16.00,0,16.00,4800000,16016807,jefferies
FRAN,20110722,17.00,23.00,23.92,10,24.00,10000000,43525820,goldman sachs
FRPT,20141107,15.00,19.75,20.25,1,20.25,10416667,31799037,credit suisse
FRSH,20140502,11.00,12.10,12.10,0,12.10,5833333,16967403,jefferies
FSBW,20120710,10.00,10.25,10.31,0,10.31,2817500,N/A,keefe bruyette and woods
FUEL,20130920,29.00,59.95,62.50,0,62.50,4000000,32493777,credit suisse
FWM,20130417,13.00,18.00,18.41,0,18.41,13650000,25811608,credit suisse
FWP,20141015,21.00,18.99,19.00,0,19.00,10500000,45813760,jefferies
GDEF,20131024,10.00,10.00,10.04,1,10.04,6000000,8386935,cowen
GEVO,20110209,15.00,15.52,17.00,4,17.50,7150000,24640360,piper jaffray
GLBL,20150731,15.00,14.00,14.24,9,14.44,45000000,117506045,morgan stanley
GLMD,20140313,13.50,17.00,18.73,1,18.73,2837400,10674843,maxim
GLPG,20150514,42.05,46.30,46.45,5,48.22,6550000,32900453,credit suisse
GLYC,20140110,8.00,10.40,10.62,0,10.62,7000000,16305497,jefferies
GMAN,20100805,11.00,11.00,13.51,0,13.51,5357143,18703086,piper jaffray
GMLP,20110408,22.50,24.00,24.65,7,24.80,12000000,23127254,morgan stanley
GNBC,20140808,15.00,16.37,16.89,10,17.35,4687500,25467754,jefferies
GNCA,20140205,12.00,11.70,11.75,0,11.75,5500000,17217104,citigroup
GOGO,20130621,17.00,16.00,16.72,4,16.72,11000000,84918818,morgan stanley
GOMO,20131122,11.22,14.11,15.49,9,16.13,7000000,7000000,credit suisse
GPIAU,20150520,10.00,10.05,10.05,0,10.05,15000000,18750000,citigroup
GPP,20150626,15.00,15.23,15.69,9,15.69,10000000,15889642,bofa merrill lynch
GPRO,20140626,24.00,28.65,31.00,8,33.00,17800000,17800000,barclays
GRPN,20111104,20.00,28.00,31.14,4,31.14,35000000,635403352,credit suisse
GWGH,20140925,12.50,12.25,17.00,9,17.47,800000,5870168,mlv
HABT,20141120,18.00,30.00,36.00,3,36.00,5000000,8224550,piper jaffray
HAWK,20130419,23.00,25.00,25.47,0,25.88,10000000,10000000,goldman sachs
HCACU,20150723,10.00,10.00,10.05,0,10.05,17500000,21875000,cantor fitzgerald
HDP,20141212,16.00,24.00,24.35,0,24.35,6250000,41617451,credit suisse
HDS,20130627,18.00,18.00,18.25,0,18.44,53191489,183770155,credit suisse
HIIQ,20130208,14.00,14.12,14.38,0,14.38,4666667,4666667,credit suisse
HLG,20150707,7.00,7.50,7.50,0,7.50,2858000,1429000,network 1
HMHC,20131114,12.00,14.00,15.96,7,15.96,18250000,139955578,goldman sachs
HMST,20120210,44.00,47.00,12.25,0,12.25,1896442,3584578,fbr
HQY,20140731,14.00,20.00,20.00,0,20.00,9100000,49596105,jp morgan
HSGX,20141203,11.00,11.35,12.97,7,12.97,5909091,12756805,canaccord genuity
HTBX,20130724,10.00,10.00,10.19,1,10.19,2500000,6086942,aegis
HTGM,20150506,14.00,14.00,14.09,0,14.09,3570000,6735965,leerink
HZNP,20110728,9.00,9.00,9.20,1,9.20,5500000,19527951,stifel nicolaus
IBTX,20130403,26.00,30.00,31.00,0,31.00,3200000,11469707,sandler o'neill
ICBK,20150116,15.75,16.35,17.00,10,17.00,1180000,5497540,robert w baird
ICPT,20121011,15.00,19.40,20.40,2,20.40,5000000,15733483,bofa merrill lynch
IMDZ,20140724,12.00,12.15,12.73,10,12.81,5000000,15768867,jefferies
IMI,20111118,10.00,10.00,10.01,0,10.01,9650000,42133168,morgan stanley
INGN,20140214,16.00,16.00,16.12,0,16.12,4411763,18048936,jp morgan
INNL,20140725,9.00,9.00,9.51,8,9.51,6500000,N/A,piper jaffray
INOV,20150212,27.00,33.16,33.75,0,33.75,22222222,22222222,goldman sachs
INSY,20130502,8.00,8.50,5.95,5,5.95,4000000,20795227,jmp
IPDN,20130305,8.00,7.93,8.20,3,8.20,2625000,6318227,aegis
IPWR,20131122,5.00,5.25,5.50,0,5.50,3000000,6200357,northland
IRG,20120511,14.00,16.85,17.36,6,17.36,5769231,24750929,credit suisse
IRMD,20140716,6.25,10.00,11.27,1,11.27,2016000,10416000,roth
ISTR,20140701,14.00,14.23,14.53,5,14.53,2875000,6820029,sandler o'neill
ITEK,20150218,6.00,6.10,6.20,0,6.20,6667000,15877490,piper jaffray
IVTY,20150615,12.00,12.75,13.89,9,15.00,4000000,12701092,piper jaffray
JAGX,20150513,7.00,7.00,7.00,0,7.00,2860000,8119923,bmo
JD,20140522,19.00,21.75,22.69,10,22.80,93685620,93685620,bofa merrill lynch
JIVE,20111213,12.00,15.12,16.50,0,16.50,13439600,59066276,goldman sachs
JRVR,20141212,21.00,21.32,21.50,1,21.50,11000000,28540350,bmo
JYNT,20141111,6.50,6.62,7.12,8,7.12,3000000,9171601,roth
KANG,20140409,14.00,16.50,16.78,1,17.25,10904846,10904846,bofa merrill lynch
KBIO,20130131,8.00,8.16,8.25,0,8.25,8750000,24127884,leerink
KEYW,20101001,10.00,10.30,10.57,9,10.57,9100000,23786838,suntrust robinson humphrey
KIN,20131212,7.00,8.75,10.19,3,10.59,7500000,15047881,bmo
KITE,20140620,17.00,25.45,27.78,10,29.22,7500000,36866629,credit suisse
KMDA,20130531,9.25,9.71,10.25,10,10.25,5582636,34306634,jefferies
KMPH,20150416,11.00,11.75,12.21,4,12.33,5090909,13462674,rbc
KPTI,20131106,16.00,17.86,19.09,8,19.09,6800000,28729593,bofa merrill lynch
KRNT,20150402,10.00,12.00,13.00,4,13.00,7100000,28701965,barclays
KTWO,20140508,15.00,15.00,15.23,2,15.23,8825000,37085906,piper jaffray
KYTH,20121011,16.00,18.49,20.00,6,20.59,4400000,17365648,goldman sachs
LAND,20130129,15.00,15.16,15.49,0,15.49,3333334,6083334,janney montgomery scott
LDRH,20131009,15.00,18.50,19.42,9,19.42,5000000,22657199,piper jaffray
LENS,20150129,10.00,9.25,9.32,2,9.32,4166667,13333334,jefferies
LGIH,20131107,11.00,12.26,12.85,6,12.85,9000000,19413449,jp morgan
LIFE,20150507,14.00,13.25,13.49,7,14.04,5360000,22549739,citigroup
LMNS,20140227,12.00,12.50,13.19,10,13.38,6250000,9470635,credit suisse
LMRK,20141114,19.00,18.75,18.75,0,18.75,2650000,4702665,rbc
LNCO,20121012,36.50,36.75,37.38,3,37.50,30250000,30250000,rbc
LNTH,20150625,6.00,6.12,6.60,8,6.60,10833334,29360653,credit suisse
LOB,20150723,17.00,18.50,18.50,0,18.50,4800000,33454860,sandler o'neill
LOCO,20140725,15.00,19.00,19.84,3,19.84,7142857,35858407,jefferies
LOXO,20140801,13.00,13.07,13.42,0,13.42,5261538,15940987,stifel nicolaus
LPLA,20101118,30.00,33.05,33.84,7,33.84,15657482,107183866,goldman sachs
MACK,20120329,7.00,6.25,6.44,0,6.48,14300000,92396254,jp morgan
MB,20150619,14.00,16.22,16.25,0,16.25,7150000,7150000,credit suisse
MBII,20130802,12.00,13.00,13.61,0,13.61,4750000,18267515,jefferies
MBUU,20140131,14.00,17.30,18.00,0,18.00,7142858,10155578,wells fargo
MCEP,20111215,18.00,17.75,17.85,9,17.85,5400000,17640000,rbc
MCFT,20150717,15.00,15.50,15.80,5,15.80,6071429,17210426,wells fargo
MCOX,20101026,11.00,17.50,18.50,0,18.50,11742857,401192254,credit suisse
MCRB,20150626,18.00,28.50,32.68,6,33.00,7430555,37834057,goldman sachs
MCUR,20140731,10.00,9.00,9.00,0,9.00,5350000,16177296,credit suisse
MDWD,20140320,14.00,16.00,17.39,4,17.39,5000000,20350586,credit suisse
MEMP,20111209,19.00,18.90,18.90,0,19.00,9000000,16061294,citigroup
MFRM,20111118,19.00,22.00,22.50,3,22.50,5555555,32983602,william blair
MGNX,20131010,16.00,24.00,25.62,9,26.40,5000000,24021725,bofa merrill lynch
MIK,20140627,17.00,17.00,17.14,0,17.16,27777778,203103839,goldman sachs
MKTO,20130517,13.00,20.00,20.42,6,20.42,6059509,35784149,credit suisse
MMYT,20100812,14.00,22.00,24.35,9,24.35,5000000,34134002,morgan stanley
MOBI,20101210,8.00,6.00,7.00,6,7.00,7250000,257389800,citigroup
MOBL,20140612,9.00,10.00,11.00,9,11.24,11111111,74648809,goldman sachs
MOKO,20140627,7.50,8.25,8.75,0,8.75,1100000,1128368,northland
MOLG,20141009,12.50,10.75,11.14,9,11.14,13500000,13500000,credit suisse
MOMO,20141211,13.50,14.25,15.49,4,15.52,16000000,16000000,credit suisse
MRD,20140613,19.00,21.26,21.70,7,22.21,42800000,192500000,barclays
MRKT,20140619,24.00,26.15,26.94,10,26.99,53472353,178868020,credit suisse
MRNS,20140731,8.00,8.00,8.16,0,8.16,5625000,13779152,stifel nicolaus
MTBC,20140723,5.00,5.00,5.00,0,5.00,4080000,10982944,aegis
MTGE,20110804,20.00,19.00,19.28,1,19.28,8000000,10006100,citigroup
MTLS,20140625,12.00,12.00,12.00,0,12.00,8000000,8000000,credit suisse
MTSI,20120315,19.00,19.10,21.10,10,21.10,6000000,45259684,jefferies
NCLH,20130118,19.00,25.10,25.49,0,25.49,23529412,200468080,barclays
NCOM,20150319,19.50,21.05,22.45,0,22.45,1700000,9183541,keefe bruyette and woods
NDLS,20130628,18.00,32.00,37.69,1,37.69,5357143,22303486,morgan stanley
NDRM,20141114,10.00,9.45,9.45,0,9.45,4500000,16996960,jefferies
NEOS,20150723,15.00,18.22,18.50,0,18.79,4800000,14488716,rbc
NERV,20140701,6.00,6.00,6.38,6,6.38,5454545,18278084,jefferies
NK,20150728,25.00,37.00,40.70,0,40.70,8288000,78931632,jefferies
NLNK,20111111,7.00,7.00,7.81,2,7.81,6200000,20582002,canaccord genuity
NMIH,20131108,11.62,14.00,14.45,0,14.45,50096361,55637480,
NRX,20140211,12.00,12.12,12.80,0,12.80,3100000,8847951,aegis
NSTG,20130626,10.00,8.81,9.00,7,9.00,5400000,14594745,morgan stanley
NTEC,20150804,6.00,6.00,6.01,0,6.01,5025000,10109310,maxim
NTRA,20150702,18.00,22.10,23.33,7,23.33,10000000,48427337,piper jaffray
NVET,20150205,10.00,9.12,9.48,1,9.48,4000000,11079996,bofa merrill lynch
NVLS,20150617,14.00,16.50,17.44,3,17.84,5500000,14626683,stifel nicolaus
NXPI,20100806,14.00,13.00,13.90,9,13.90,34000000,249251500,credit suisse
OCUL,20140725,13.00,13.00,13.06,1,13.10,5000000,20569490,morgan stanley
OLLI,20150716,16.00,22.68,22.99,0,22.99,8925000,57124490,jefferies
OMED,20130718,17.00,28.10,31.00,0,31.00,4800000,27064671,jefferies
ONCE,20150130,23.00,45.10,45.80,1,45.80,7000000,23490367,credit suisse
ONTX,20130725,15.00,25.00,25.00,0,25.00,5166667,20614278,citigroup
OPGN,20150505,6.00,5.30,5.43,0,5.43,2850000,10718347,maxim
OPHT,20130925,22.00,23.06,25.72,10,26.92,7600000,30110817,morgan stanley
ORPN,20140731,11.00,10.90,11.00,0,11.00,3200000,14230480,oppenheimer
OSN,20101221,4.50,4.50,4.75,0,4.75,5000000,20000000,global hunter
OTIC,20140813,16.00,18.13,18.25,0,18.25,6250000,20335786,bofa merrill lynch
OXFD,20131122,12.00,14.00,15.59,2,15.59,5360000,16433460,piper jaffray
PACB,20101027,16.00,16.50,16.84,9,16.88,12500000,50113504,morgan stanley
PAHC,20140411,15.00,16.50,16.50,0,16.50,12745392,17442953,morgan stanley
PARN,20140618,10.00,9.25,9.48,5,9.48,5000000,13283722,jefferies
PBPB,20131004,14.00,28.66,32.78,10,33.00,7500000,28006535,goldman sachs
PBSK,20110913,10.00,10.90,11.03,4,11.22,2932500,N/A,keefe bruyette and woods
PCRX,20110203,7.00,7.00,7.25,1,7.25,6000000,17232876,piper jaffray
PCTY,20140319,17.00,31.00,31.00,0,31.00,7045000,48921626,william blair
PEGI,20130927,22.00,24.10,24.30,0,24.30,16000000,35528283,morgan stanley
PETX,20130627,6.00,7.00,8.08,10,9.10,5750000,19859766,stifel nicolaus
PFMT,20120810,9.00,9.25,9.97,9,10.40,9000000,45148986,goldman sachs
PFPT,20120420,13.00,16.85,17.11,0,17.11,6329421,29657817,credit suisse
PIH,20140401,8.00,8.00,8.50,5,8.50,1887500,3266066,aegis
PINC,20130926,27.00,31.00,31.00,0,31.00,28151958,28151958,bofa merrill lynch
PLAY,20141010,16.00,17.00,18.00,0,18.00,5882353,39086625,jefferies
PRAH,20141113,18.00,18.55,19.47,4,19.47,16976744,57262377,jefferies
PRMW,20101105,12.00,15.00,15.00,0,15.00,8333333,19023887,stifel nicolaus
PRQR,20140918,13.00,19.90,21.87,0,21.87,7500000,22213154,deutsche bank
PRSS,20120329,19.00,21.50,22.69,4,22.69,4500000,16978700,jefferies
PRTO,20141022,10.00,11.30,12.00,0,12.00,6110000,14993903,stifel nicolaus
PTCT,20130620,15.00,15.80,16.50,8,16.79,8372000,23678190,credit suisse
PTLA,20130522,14.50,15.25,15.38,0,15.38,8422758,33882938,credit suisse
PTXP,20150604,20.00,20.95,21.02,1,21.02,11250000,20000000,rbc
PUB,20150611,14.50,15.76,16.45,3,16.47,2500000,17070921,da davidson
QIWI,20130503,17.00,17.00,17.33,0,17.33,12500000,12500000,credit suisse
QLIK,20100716,10.00,12.00,13.25,10,13.25,11200000,74957594,morgan stanley
QLYS,20120928,12.00,12.00,12.50,5,12.50,7575000,30050974,credit suisse
QUNR,20131101,15.00,28.35,34.99,6,34.99,11111000,11111000,deutsche bank
QURE,20140205,17.00,17.00,17.75,0,17.75,5400000,17594906,jefferies
RARE,20140131,21.00,45.80,47.98,2,47.98,5760369,29061871,morgan stanley
RCPT,20130509,14.00,15.00,15.16,0,15.16,5200000,17604643,credit suisse
RDUS,20140606,8.00,8.03,8.44,4,8.44,6500000,28938899,jefferies
REGI,20120119,10.00,10.10,10.29,5,10.29,7200000,7200000,piper jaffray
REPH,20140307,8.00,8.53,8.95,0,8.95,3750000,7145100,aegis
RESN,20140529,6.00,10.00,11.54,1,11.54,2700000,6487666,mdb
RGLS,20121004,4.00,4.73,5.48,0,5.48,11250000,34130393,bmo
RKDA,20150515,8.00,7.49,7.70,0,7.70,8200000,43175310,credit suisse
RLYP,20131115,11.00,12.59,12.68,1,12.68,6850000,28664799,morgan stanley
RNET,20101215,12.00,12.00,12.00,0,12.39,5000000,14544609,jefferies
ROKA,20140717,12.00,12.00,12.05,0,12.05,5000000,17631596,bofa merrill lynch
RP,20100812,11.00,13.00,13.27,0,13.49,12300000,62305404,credit suisse
RPD,20150717,16.00,26.75,27.45,2,27.45,6450000,37784917,morgan stanley
RPXC,20110504,19.00,24.00,24.70,0,24.70,8430435,45983358,goldman sachs
RTRX,20140110,8.50,10.50,11.75,4,11.75,4705882,23082245,jefferies
RTTR,20150624,5.00,5.00,5.50,0,5.50,4000000,7788060,aegis
RVNC,20140206,16.00,21.00,23.50,6,24.60,6000000,17744416,piper jaffray
RWLK,20140912,12.00,12.00,13.29,6,17.38,3000000,11370936,jefferies
SABR,20140417,16.00,16.79,17.17,1,17.17,39200000,258535164,goldman sachs
SAGE,20140718,18.00,27.00,30.00,9,30.48,5000000,24961926,goldman sachs
SALE,20130719,21.00,26.50,27.30,0,27.30,9090908,44099480,credit suisse
SAMG,20130627,11.00,11.40,12.90,6,12.90,4790684,4790694,sandler o'neill
SAVE,20110526,12.00,11.35,11.50,7,11.58,15600000,71824668,morgan stanley
SCAI,20131030,24.00,28.00,28.40,9,28.53,9777778,38142861,citigroup
SCTY,20121213,8.00,9.25,10.59,6,10.59,11500000,73079499,credit suisse
SCYX,20140502,10.00,9.75,9.84,0,9.84,6200000,8452641,rbc
SEDG,20150326,18.00,20.00,20.44,0,20.44,7000000,38065042,goldman sachs
SEMI,20140522,13.00,15.00,15.25,0,15.25,7200000,23560251,goldman sachs
SFBS,20140514,91.00,91.00,10.31,0,10.31,625000,8174812,sandler o'neill
SFM,20130801,18.00,35.00,38.99,7,38.99,18500000,143658944,credit suisse
SFXE,20131009,13.00,13.00,13.39,0,13.39,20000000,83847154,jefferies
SGNL,20140618,10.00,9.25,9.99,1,9.99,850000,3782629,aegis
SGNT,20110420,16.00,18.25,18.90,3,18.90,5750000,26850190,jefferies
SIEN,20141029,15.00,17.62,17.97,0,17.97,5000000,14152275,piper jaffray
SKIS,20141121,9.00,9.00,9.18,1,9.18,10000000,13982400,stifel nicolaus
SKUL,20110720,20.00,23.00,23.40,0,23.40,9441693,26782309,morgan stanley
SKYS,20141113,8.00,8.26,8.51,0,8.51,5525000,5525000,roth
SMMT,20150305,9.90,10.02,10.35,2,10.35,3450000,3450000,oppenheimer
SMT,20100715,17.00,17.50,270.00,0,270.00,38830000,44308596,morgan stanley
SNC,20141103,11.98,12.00,12.00,0,12.06,30728500,44247102,
SODA,20101103,20.00,24.75,25.50,4,25.50,5447368,18383991,jp morgan
SPHS,20130816,5.00,4.90,4.95,0,4.95,13000000,16149869,citigroup
SPKE,20140729,18.00,18.00,18.38,3,18.38,3000000,3000000,stifel nicolaus
SPLK,20120419,17.00,32.00,32.00,0,32.00,13500000,92529879,credit suisse
SPRO,20171102,14.00,13.25,13.63,0,13.63,5500000,13397684,bofa merrill lynch
SPWH,20140417,9.50,9.50,9.75,10,9.80,12500000,41275197,credit suisse
SQBK,20140327,18.00,20.00,20.42,0,20.42,5781126,27200336,sandler o'neill
SQI,20100924,9.50,11.50,12.63,6,12.79,6000000,20332489,stifel nicolaus
SREV,20110325,10.00,13.65,14.00,4,14.00,11940133,65506343,morgan stanley
STCK,20130809,14.00,14.76,15.50,9,15.50,7000000,26064373,goldman sachs
STDY,20150320,8.50,8.06,8.14,0,8.14,4700000,12246374,rbc
STML,20130129,10.00,11.00,12.00,2,12.00,3317644,6960914,rbc
SUPN,20120501,5.00,6.50,7.01,0,7.01,10000000,23912319,piper jaffray
SYNC,20120210,5.00,5.75,6.37,5,6.37,6818170,25583027,bofa merrill lynch
SYRX,20140410,6.00,6.00,6.00,0,6.00,3333333,17666198,dougherty
SZYM,20110527,18.00,20.00,21.27,8,21.27,10975000,57739089,goldman sachs
TANH,20150324,4.00,6.00,7.48,8,8.19,3200000,21600000,viewtrade
TBK,20141107,12.00,12.18,12.21,0,12.35,6700000,16586778,sandler o'neill
TCON,20150130,10.00,9.75,9.77,5,9.77,3600000,12092806,stifel nicolaus
TERP,20140718,25.00,33.26,33.88,7,34.00,20065000,27642586,goldman sachs
TFM,20101105,22.00,35.00,35.00,0,35.00,13175000,47991045,goldman sachs
TGEN,20140520,4.75,5.96,5.96,0,5.96,647706,15802906,scarsdale equities
THST,20130620,6.00,5.94,5.99,7,5.99,2700000,2700000,wr
TKAI,20140917,15.00,18.63,25.04,9,28.38,6480000,21841742,william blair
TLMR,20140212,13.00,13.75,13.88,0,13.88,15555555,69943105,jp morgan
TNDM,20131114,15.00,19.50,20.20,0,20.20,8000000,21378095,piper jaffray
TOUR,20140509,9.00,9.00,10.20,9,10.38,8000000,8000000,credit suisse
TRIV,20140416,12.00,11.35,12.16,6,12.28,6500000,19329155,credit suisse
TRNX,20110203,19.00,19.00,19.06,0,19.06,8750000,38317741,bofa merrill lynch
TRUE,20140516,9.00,9.70,10.34,1,10.54,7775000,71038267,goldman sachs
TRVN,20140131,7.00,7.11,7.25,0,7.25,9250000,25734361,jefferies
TSC,20130509,11.50,12.50,12.72,0,12.72,5700000,27822779,keefe bruyette and woods
TSRO,20120628,13.50,14.00,14.00,0,14.00,6000000,26670486,morgan stanley
TTOO,20140807,11.00,15.95,16.00,1,16.00,5200000,19196984,goldman sachs
TTPH,20130320,7.00,7.20,7.50,0,7.50,10714286,19867967,barclays
TUBE,20140718,7.00,9.00,9.50,0,9.58,6250000,28685816,bofa merrill lynch
TWOU,20140328,13.00,13.00,13.03,8,13.30,9175000,39130341,credit suisse
UBIC,20130516,8.38,8.66,90.00,0,90.00,1100000,1100000,william blair
UBNT,20111014,15.00,16.50,17.49,9,17.50,7038230,89740183,deutsche bank
VA,20141114,23.00,27.00,28.66,10,29.00,13337587,42938079,barclays
VBLT,20141001,6.00,6.02,6.13,0,6.13,6666667,19804923,deutsche bank
VBTX,20141009,13.00,14.00,14.00,0,14.00,2700000,9058832,sandler o'neill
VCYT,20131030,13.00,13.00,13.20,10,13.70,5000000,20989890,morgan stanley
VGGL,20140425,8.00,7.65,7.65,0,7.65,4375000,13772628,roth
VIRT,20150416,19.00,23.00,23.67,1,23.67,16532272,31825212,goldman sachs
VKTX,20150429,8.00,8.50,9.48,2,9.48,3000000,9154329,oppenheimer
VNOM,20140618,26.00,31.50,33.24,10,33.80,5000000,76200000,credit suisse
VRA,20101021,16.00,23.00,23.90,0,23.90,11000000,40506670,piper jaffray
VRNS,20140228,22.00,39.00,41.00,9,41.37,4800000,23835455,jefferies
VSAR,20140321,21.00,28.00,32.00,8,32.00,6000000,23264465,morgan stanley
VSTM,20120127,10.00,11.00,11.47,2,11.47,5500000,20234116,ubs
VTAE,20140924,8.00,8.00,8.47,0,8.47,6875000,17371387,stifel nicolaus
VTL,20140417,12.00,12.25,12.48,7,12.48,4500000,21115661,credit suisse
VTVT,20150730,15.00,14.00,14.00,0,14.00,7812500,7812500,piper jaffray
VWR,20141002,21.00,21.00,21.38,8,21.38,25532000,127532000,goldman sachs
WATT,20140328,6.00,9.50,10.79,2,10.79,4000000,8821391,mdb
WHLR,20121119,5.25,6.25,6.25,0,6.25,4000000,4285457,wellington shields
WIFI,20110504,13.50,12.50,13.15,0,13.15,5770000,32528097,credit suisse
WING,20150612,19.00,30.50,31.99,3,31.99,5800000,28581182,jefferies
WIX,20131106,16.50,18.50,18.90,0,18.90,7700000,36601064,bofa merrill lynch
WOWO,20150408,10.00,11.06,11.63,0,11.63,4000000,4000000,axiom capital management
WSTC,20130322,20.00,19.00,19.21,0,19.21,21275000,83422374,goldman sachs
XBIT,20150415,19.00,23.00,23.75,1,23.75,4000000,31716631,wr
XELB,20150731,9.00,9.10,9.10,0,9.10,1800000,17991689,wunderlich
XENT,20140724,11.00,13.20,13.63,6,13.63,5000000,22501808,piper jaffray
XGTI,20130719,5.50,5.51,5.90,0,5.90,1337792,10467500,aegis
XLRN,20130919,15.00,18.50,20.02,0,20.02,5580000,26544188,citigroup
XNCR,20131203,5.50,5.95,6.34,8,6.34,12730000,29422576,credit suisse
XNET,20140624,12.00,14.21,15.55,4,15.55,7315000,7315000,citigroup
XONE,20130207,18.00,23.66,24.89,0,25.73,5300000,12798272,fbr
XOOM,20130215,16.00,21.00,21.97,10,22.16,6325000,31838916,barclays
YDLE,20141003,12.00,16.20,17.21,1,17.44,6250000,28320050,credit suisse
YECO,20150626,6.25,6.25,6.38,1,6.38,2250000,11869938,northland
YNDX,20110524,25.00,35.00,50.00,0,50.00,52174088,129200543,goldman sachs
YY,20121121,10.50,10.50,11.49,7,11.62,7800000,7800000,morgan stanley
Z,20110720,20.00,60.00,60.00,0,60.00,3462000,17381749,citigroup
ZFGN,20140619,16.00,20.00,21.01,0,21.01,6000000,21807012,cowen
ZGNX,20101123,4.00,5.00,5.35,0,5.35,14000000,33563802,wells fargo
ZLTQ,20111019,13.00,14.37,15.02,5,15.25,7000000,32758082,goldman sachs
ZNGA,20111216,10.00,11.00,11.50,0,11.50,100000000,100000000,goldman sachs
ZSAN,20150127,11.00,12.16,12.40,0,12.40,4500000,11816112,roth
ZSPH,20140618,18.00,27.21,27.84,5,27.84,5944444,19717199,credit suisse
ZU,20131115,22.00,39.00,41.32,3,41.32,11500000,11500000,goldman sachs
AAC,20141002,15.00,20.00,20.10,0,20.10,5000000,20673334,william blair
AAT,20110113,20.50,21.53,22.00,1,22.00,27500000,35034840,morgan stanley
ACRE,20120426,18.50,18.00,18.20,0,18.20,7700000,9235135,bofa merrill lynch
ADPT,20140625,22.00,25.16,26.15,4,26.15,4900000,9374107,goldman sachs
AGRO,20110128,11.00,10.75,12.00,10,12.00,28571428,115846386,credit suisse
AHH,20130508,11.50,11.57,11.63,2,11.63,16525000,16698913,stifel nicolaus
AJX,20150213,14.25,14.25,14.25,0,14.25,5000000,14980485,nomura securities international
AL,20110419,26.50,27.25,27.48,3,27.68,30283020,93846830,credit suisse
ALLY,20140410,25.00,24.25,24.79,10,24.79,95000000,481500794,goldman sachs
ALSN,20120315,23.00,23.00,23.15,0,23.15,26100000,181375783,bofa merrill lynch
AMBR,20140321,13.00,17.50,17.90,1,17.90,7391565,24788883,stifel nicolaus
AMC,20131218,18.00,19.18,19.70,2,19.70,18421053,18921691,bofa merrill lynch
AMH,20130801,16.00,15.59,16.00,10,16.23,44117647,178238572,goldman sachs
AMID,20110727,21.00,21.00,21.33,0,21.33,3750000,4526066,bofa merrill lynch
AMRC,20100722,10.00,10.25,10.90,3,10.90,8696820,22403276,bofa merrill lynch
AMTG,20110722,20.00,19.00,19.10,0,19.10,10000000,10270000,credit suisse
ANET,20140606,43.00,55.25,58.20,9,58.23,5250000,63582416,morgan stanley
ANFI,20121010,10.00,10.00,10.09,0,10.18,9000000,35665434,deutsche bank
APAM,20130307,30.00,35.20,36.29,9,36.29,11054156,11054156,goldman sachs
APO,20110330,19.00,18.70,19.00,0,19.00,29757559,120972042,goldman sachs
APTS,20110401,10.00,10.00,10.00,0,10.00,4500000,5036666,wunderlich
AR,20131010,44.00,54.15,55.02,0,55.02,35725000,260100000,barclays
ARCO,20110414,17.00,21.00,21.53,1,21.55,73484164,129529412,morgan stanley
ARCX,20131106,19.00,19.00,19.34,0,19.34,6000000,6081081,barclays
ARES,20140502,19.00,18.15,18.36,6,18.40,11363636,80441870,bofa merrill lynch
ARMK,20131212,20.00,20.25,20.75,8,21.37,36250000,229837345,credit suisse
ARPI,20130509,21.00,21.00,21.01,1,21.01,13700500,32140732,jefferies
ASC,20130801,14.00,13.50,13.70,3,13.70,10000000,18050000,jefferies
ASPN,20140613,11.00,11.00,11.12,0,11.12,7500000,23000000,barclays
ATEN,20140321,15.00,13.75,16.03,10,16.38,12500000,59029124,morgan stanley
ATHM,20131211,17.00,30.16,31.37,3,31.37,7820000,7820000,deutsche bank
ATTO,20141002,15.00,13.75,14.00,0,14.00,10000000,73619511,credit suisse
AVAL,20140923,13.50,13.50,13.68,3,13.68,81481482,21877531339,goldman sachs
AVG,20120202,16.00,13.53,14.20,4,14.20,8000000,54382591,goldman sachs
AVH,20131106,15.00,14.00,14.30,0,14.73,27234910,N/A,citigroup
AVOL,20141212,20.00,19.25,19.44,0,19.44,13636363,80952381,morgan stanley
AXON,20150611,15.00,20.93,23.96,10,25.40,21000000,96000000,jefferies
AXTA,20141112,19.50,20.94,20.94,0,20.94,50000000,229069356,goldman sachs
BABA,20140919,68.00,92.70,150.00,0,150.00,320106100,320106100,credit suisse
BAH,20101117,17.00,17.26,18.30,4,18.44,14000000,120622350,morgan stanley
BCC,20130206,21.00,25.44,26.00,0,26.14,11764706,41464706,goldman sachs
BCEI,20111215,17.00,15.50,15.50,0,15.50,10000000,39555481,credit suisse
BCRH,20131106,20.00,19.45,19.49,0,19.49,6250000,8750000,barclays
BEP,20130611,0.00,29.12,29.12,0,29.12,N/A,N/A,barclays
BERY,20121004,16.00,15.25,15.42,1,15.42,29411764,112600136,bofa merrill lynch
BFAM,20130125,22.00,27.75,28.36,8,28.37,10100000,62871119,goldman sachs
BITA,20101117,12.00,12.00,12.89,6,12.95,10600000,41253390,citigroup
BKFS,20150520,24.50,26.25,26.63,5,26.63,18000000,65302455,bofa merrill lynch
BKU,20110128,27.00,29.50,29.50,0,29.50,29000000,96971850,morgan stanley
BLOX,20120420,16.00,22.50,23.30,8,23.35,7500000,44001144,goldman sachs
BNK,20140814,17.00,17.60,18.00,0,18.00,2631579,15970436,keefe bruyette and woods
BOOT,20141030,16.00,19.00,19.38,1,19.50,5000000,24929350,jefferies
BOX,20150123,14.00,20.20,22.00,10,24.73,12500000,12500000,credit suisse
BRSS,20130523,11.00,11.75,12.57,10,13.33,7000000,21110000,goldman sachs
BRX,20131030,20.00,20.65,20.85,6,20.85,41250000,223492460,bofa merrill lynch
BSM,20150501,19.00,19.15,19.46,4,19.46,22500000,95133333,bofa merrill lynch
BSMX,20120926,12.18,12.60,12.69,4,12.69,238232161,N/A,bofa merrill lynch
BURL,20131002,17.00,23.05,23.82,6,23.82,13333333,71632530,morgan stanley
CBPX,20140205,14.00,14.66,15.48,10,15.75,11765000,44069000,credit suisse
CCG,20101014,12.50,12.50,12.64,0,12.64,28333333,28428321,goldman sachs
CCS,20140618,23.00,23.00,23.40,0,23.40,4480000,21452587,jp morgan
CCSC,20100928,16.50,25.00,26.45,9,26.45,5000000,100080000,credit suisse
CELP,20140115,20.00,20.00,20.13,0,20.33,3750000,5913000,stifel nicolaus
CFG,20140924,21.50,21.50,21.79,10,22.25,140000000,559998324,goldman sachs
CHCT,20150521,19.00,19.00,19.13,1,19.13,6250000,6573684,suntrust robinson humphrey
CHGG,20131113,12.50,11.00,11.25,0,11.25,15000000,81728265,bofa merrill lynch
CHKR,20111111,19.00,19.00,19.00,0,19.00,20000000,35062500,morgan stanley
CHMI,20131004,20.00,18.50,18.76,0,19.19,6500000,7500000,morgan stanley
CIO,20140415,12.50,12.50,12.50,0,12.50,5800000,8011130,oppenheimer
CIVI,20140917,17.00,17.00,17.19,1,17.19,11700000,36950000,jefferies
CJES,20110729,29.00,30.00,31.00,0,31.00,11500000,51886574,goldman sachs
CMCM,20140508,14.00,15.25,15.89,10,16.43,12000000,12000000,credit suisse
CMRE,20101104,12.00,12.00,12.12,1,12.12,13300000,60300000,morgan stanley
CNCO,20120622,15.61,15.61,15.62,1,16.39,15265783,N/A,jp morgan
CNNX,20140925,22.00,28.50,29.16,4,29.16,17500000,29163121,bofa merrill lynch
CNXC,20150701,15.00,15.00,15.48,7,15.61,5000000,11611067,bofa merrill lynch
COR,20100923,16.00,16.00,16.22,8,16.22,16900000,17109042,bofa merrill lynch
COTY,20130613,17.50,17.50,17.52,1,17.52,57142857,72219007,morgan stanley
COUP,20140307,16.00,27.15,30.75,6,30.75,10500000,73169807,goldman sachs
CPAC,20120208,11.50,11.50,11.50,0,11.50,20000000,518777479,jp morgan
CPPL,20150206,23.00,28.00,28.24,0,28.24,46811398,46811398,bofa merrill lynch
CRCM,20140124,17.00,21.21,22.50,6,23.00,5350000,29746202,morgan stanley
CSLT,20140314,16.00,37.50,40.44,10,41.95,11100000,11100000,goldman sachs
CSTM,20130523,15.00,13.50,13.75,3,13.94,22222222,101811560,goldman sachs
CTLT,20140731,20.50,20.00,20.14,0,20.14,42500000,117321337,morgan stanley
CTT,20131212,13.50,13.50,13.69,1,13.69,10526316,13934322,stifel nicolaus
CVRR,20130117,25.00,25.25,25.69,8,25.75,24000000,147600000,credit suisse
CVT,20130809,21.00,38.00,39.28,9,39.28,5600000,38667164,goldman sachs
CYNI,20130509,11.00,10.05,10.89,6,10.89,8000000,44531318,goldman sachs
DANG,20101208,16.00,24.50,26.00,0,26.50,17000000,389554210,credit suisse
DATA,20130517,31.00,47.00,49.70,8,49.90,8200000,8200000,goldman sachs
DEA,20150206,15.00,16.25,16.44,0,16.44,12000000,22368379,rbc
DKL,20121102,21.00,23.11,23.74,0,23.74,8000000,11999258,bofa merrill lynch
DLNG,20131113,18.00,17.00,17.39,10,17.59,12500000,14985000,credit suisse
DLPH,20111117,22.00,21.25,21.75,10,21.76,24078827,328244510,goldman sachs
DM,20141015,21.00,22.50,24.50,9,24.50,17500000,31972789,barclays
DMD,20110126,17.00,23.50,25.00,1,25.00,8900000,81964617,goldman sachs
DOC,20130719,11.50,11.50,11.65,0,11.65,10434782,10684782,oppenheimer
DPLO,20141010,13.00,16.00,16.10,0,16.10,13333333,50448744,credit suisse
DQ,20101007,9.50,9.98,10.61,8,10.61,8000000,169714103,morgan stanley
DRII,20130719,14.00,14.56,14.75,5,15.00,15500000,73294118,credit suisse
DWRE,20120315,16.00,25.25,26.00,0,26.00,5500000,27997970,goldman sachs
EARN,20130501,20.00,19.00,19.23,7,19.29,6450000,9133378,credit suisse
ECOM,20130523,14.00,17.60,19.00,7,19.00,5750000,20471561,goldman sachs
ECR,20140620,27.00,27.00,27.18,0,27.18,30300000,160000000,goldman sachs
ECT,20100701,20.00,20.00,20.25,3,20.25,8802500,13203750,citigroup
EFC,20101008,22.50,21.50,21.90,1,21.90,4500000,16485670,deutsche bank
EHIC,20141118,12.00,12.14,12.16,0,12.16,10000000,10000000,jp morgan
ELLI,20110415,6.00,6.00,6.80,0,6.80,7500000,20400134,barclays
EMES,20130509,17.00,16.90,16.95,0,16.95,7500000,23219680,bofa merrill lynch
ENBL,20140411,20.00,21.50,21.64,10,21.89,25000000,207855430,goldman sachs
ENV,20100729,9.00,9.35,10.19,7,10.19,7000000,30795117,morgan stanley
EPAM,20120208,12.00,13.75,14.40,9,14.60,6000000,41125981,barclays
EPE,20140117,20.00,19.90,19.99,1,19.99,35200000,243874975,credit suisse
EQGP,20150512,27.00,32.00,33.55,7,33.55,23000000,266165000,goldman sachs
EQM,20120627,21.00,23.00,23.50,4,23.50,12500000,17339718,barclays
EROS,20131113,11.00,11.10,11.40,1,11.40,5000000,23037548,jefferies
ESNT,20131031,17.00,22.00,22.10,0,22.10,19710118,83538156,goldman sachs
ESRT,20131002,13.00,13.05,13.37,10,13.40,71500000,90524236,goldman sachs
EURN,20150123,12.25,12.00,12.20,0,12.29,16260000,147310666,morgan stanley
EVA,20150429,20.00,20.00,21.21,9,21.30,10000000,11905138,goldman sachs
EVDY,20140328,14.00,14.50,14.75,1,14.75,7150000,29678020,credit suisse
EVER,20120503,10.00,10.40,10.50,8,10.59,19220000,113179343,goldman sachs
EVGN,20131121,14.75,15.50,16.50,0,16.50,5000000,24069577,credit suisse
EVH,20150605,17.00,18.00,18.25,1,18.60,11500000,39726748,goldman sachs
EVHC,20130814,23.00,25.25,25.69,2,25.69,42000000,174082885,goldman sachs
EVTC,20130412,20.00,21.85,22.00,2,22.00,25263159,79096144,goldman sachs
EXAM,20101028,16.00,16.75,17.50,0,17.50,10300000,30439451,credit suisse
FCB,20140801,22.00,20.50,21.00,9,21.00,7520000,33504414,bofa merrill lynch
FELP,20140618,20.00,20.00,20.20,0,20.20,17500000,64738895,morgan stanley
FENG,20110512,11.00,11.10,11.66,2,14.30,12767500,289105437,morgan stanley
FET,20120412,20.00,22.50,22.90,0,22.90,18947366,84566983,jp morgan
FGL,20131213,17.00,19.00,19.00,0,19.00,9750000,56750000,credit suisse
FI,20130809,22.00,27.25,28.25,10,28.60,30000000,149024000,credit suisse
FIT,20150618,20.00,30.40,31.90,2,31.90,36575000,36575000,morgan stanley
FLT,20101215,23.00,25.00,25.34,2,25.98,12675000,78719146,goldman sachs
FLTX,20121005,17.00,22.95,23.88,0,23.88,7812500,34418867,bofa merrill lynch
FMSA,20141003,16.00,16.55,16.87,2,16.98,25000000,159910874,morgan stanley
FSB,20150326,21.00,21.00,21.18,0,21.18,2640000,10457385,bofa merrill lynch
FSL,20110526,18.00,19.00,19.50,5,19.50,43500000,239858593,citigroup
FTAI,20150515,17.00,16.00,16.44,5,16.49,20000000,73502873,bofa merrill lynch
FXCM,20101202,14.00,15.00,15.17,7,15.25,15060000,15060000,credit suisse
GCAP,20101215,9.00,9.05,9.25,4,9.25,9000000,31148058,morgan stanley
GDDY,20150401,20.00,26.15,26.84,0,26.84,23000000,61825912,morgan stanley
GDOT,20100722,36.00,43.15,44.84,0,44.84,4558050,6766602,morgan stanley
GI,20150605,15.00,14.50,15.69,9,16.17,6350000,24510787,bofa merrill lynch
GIMO,20130612,19.00,23.08,25.66,8,25.66,6750000,29461482,credit suisse
GKOS,20150625,18.00,29.11,30.00,0,30.00,6000000,30363331,goldman sachs
GLOB,20140718,10.00,12.95,12.99,10,12.99,5850000,33345158,credit suisse
GLOG,20120330,14.00,12.50,12.89,1,12.89,23500000,62863166,goldman sachs
GLOP,20140507,21.00,25.50,26.31,6,26.40,8400000,9822358,credit suisse
GM,20101118,33.00,35.00,35.99,4,35.99,478000000,1500000000,morgan stanley
GMED,20120803,12.00,13.10,13.88,10,14.35,8333333,62503441,goldman sachs
GNC,20110401,16.00,16.60,16.69,0,16.69,22500000,87444748,goldman sachs
GNRT,20150625,14.00,12.75,13.20,3,13.20,15000000,79990335,jefferies
GPRK,20140207,7.00,6.74,6.75,0,6.75,13500000,57361614,jp morgan
GRAM,20130724,21.13,21.35,21.80,6,21.84,19534884,655958610,credit suisse
GRUB,20140404,26.00,40.00,40.80,0,40.80,7405614,78385786,morgan stanley
GWB,20141015,18.00,18.00,18.05,9,18.07,16000000,57886114,bofa merrill lynch
GWRE,20120125,13.00,16.75,17.42,7,17.42,8850000,48892951,citigroup
GZT,20111214,9.00,8.75,8.91,10,9.01,9000000,163465394,citigroup
HASI,20130418,12.50,11.60,11.89,0,11.89,13333333,15127372,bofa merrill lynch
HCA,20110310,30.00,31.20,31.50,0,31.50,126200000,515205100,bofa merrill lynch
HCC,20170413,19.00,17.50,18.19,3,18.43,16666667,53442532,credit suisse
HCLP,20120816,17.00,17.00,18.14,10,18.14,11250000,13640351,morgan stanley
HIFR,20150130,23.00,26.64,26.84,10,26.87,20000000,44014971,bofa merrill lynch
HIVE,20140328,10.00,8.95,9.88,8,9.88,7500000,43606580,goldman sachs
HLT,20131212,20.00,21.30,21.91,0,21.91,117640624,984615364,goldman sachs
HMLP,20140807,20.00,22.00,22.24,4,22.24,9600000,13156060,morgan stanley
HRTG,20140523,11.00,11.55,11.89,1,11.89,6000000,28886776,citigroup
HUBS,20141009,25.00,32.95,32.99,0,32.99,5000000,30361826,morgan stanley
I,20130418,18.00,17.00,17.71,7,17.84,19323672,104928391,goldman sachs
IBP,20140213,11.00,12.30,12.69,2,12.74,7450000,29483901,deutsche bank
ICD,20140808,11.00,11.00,11.16,1,11.16,10000000,22855155,morgan stanley
ICL,20140924,7.00,7.10,7.24,5,7.29,60158143,1270425548,morgan stanley
IFT,20110208,10.75,10.75,10.90,0,10.90,16666667,20266667,fbr
IL,20100806,13.00,13.00,13.05,0,13.05,11000000,49284964,credit suisse
IMPR,20140625,15.00,17.00,17.49,1,17.49,5000000,22815867,piper jaffray
IMPV,20111109,18.00,23.00,23.50,10,24.17,5000000,22101695,jp morgan
IMS,20140404,20.00,22.18,22.75,0,22.75,65000000,331892403,goldman sachs
INN,20110209,9.75,9.90,9.95,1,9.95,26000000,27278000,rbc
INVN,20111116,7.50,8.30,8.70,10,8.75,10000000,79322687,goldman sachs
INXN,20110128,13.00,14.50,15.49,0,15.49,20375252,64894627,bofa merrill lynch
IPHI,20101111,12.00,15.00,15.85,7,15.85,6800000,24048849,jefferies
JCAP,20150327,20.00,20.05,20.42,3,20.42,5000000,5260000,raymond james
JGW,20131108,14.00,13.37,13.40,7,13.40,9750000,9757858,credit suisse
JMEI,20140516,22.00,27.25,28.28,3,28.28,11140000,11140000,credit suisse
JMI,20121003,20.00,19.75,19.80,0,19.80,7250000,7500050,credit suisse
JONE,20130724,15.00,14.04,14.25,4,14.25,12500000,12500000,barclays
JP,20150716,10.00,10.41,11.10,8,11.55,5300000,5300000,credit suisse
JPEP,20141002,20.00,20.50,20.71,1,20.71,13750000,18213502,bofa merrill lynch
KING,20140326,22.50,20.50,22.50,2,22.50,22200000,314932321,credit suisse
KMI,20110211,30.00,31.70,32.00,5,32.14,95466600,95466600,goldman sachs
KNOP,20130410,21.00,23.00,23.00,0,23.00,7450000,8567500,bofa merrill lynch
KORS,20111215,20.00,25.00,25.23,0,25.23,47200000,190792868,goldman sachs
KOS,20110511,18.00,19.50,19.70,0,19.70,33000000,374176471,credit suisse
LADR,20140206,17.00,16.50,16.70,4,16.70,13250000,48614104,bofa merrill lynch
LC,20141211,15.00,24.75,25.44,2,25.44,57700000,361111537,goldman sachs
LEAF,20131016,17.00,19.10,19.27,0,19.27,21045148,111631667,credit suisse
LEJU,20140417,10.00,10.80,10.95,0,10.95,10000000,10000000,credit suisse
LITB,20130606,9.50,11.16,12.50,9,12.50,8300000,8300000,credit suisse
LNKD,20110519,45.00,83.00,92.99,3,92.99,7840000,7840000,morgan stanley
LOCK,20121003,9.00,8.38,8.83,6,8.83,15700000,86308363,goldman sachs
LPG,20140508,19.00,19.00,19.15,0,19.15,7105263,56882973,jp morgan
LPI,20111215,17.00,17.25,17.80,4,17.80,17500000,125000000,jp morgan
LQ,20140409,17.00,16.75,16.83,1,16.83,38250000,123658318,morgan stanley
LRE,20111111,19.00,19.00,19.20,0,19.20,9408000,15657600,wells fargo
LXFR,20121003,10.00,11.00,11.69,9,11.69,8000000,8000000,credit suisse
LXFT,20130626,17.00,20.80,20.95,3,20.95,4092070,5166710,credit suisse
MANU,20120810,14.00,14.05,14.20,0,14.20,16666667,39685700,credit suisse
MBLY,20140801,25.00,36.00,38.76,4,38.76,35589000,212301196,goldman sachs
MC,20140416,25.00,27.00,27.22,1,27.22,6500000,14288653,goldman sachs
MCRN,20150625,20.00,19.50,19.68,0,19.75,14285714,66586389,bofa merrill lynch
MDLY,20140924,18.00,16.99,17.44,1,17.44,6000000,6000000,credit suisse
MEP,20131107,18.00,17.00,17.28,1,17.43,18500000,22610056,bofa merrill lynch
MITT,20110630,20.00,19.50,19.60,9,19.60,5500000,9251250,rbc
MIXT,20130809,16.00,20.00,20.25,0,20.25,6296098,6296098,william blair
MM,20120329,13.00,25.00,27.90,3,27.90,10200000,74890038,goldman sachs
MMI,20131031,12.00,13.40,13.85,10,14.24,6000000,35700897,goldman sachs
MN,20111118,12.00,12.00,12.23,0,12.23,12500000,12500000,bofa merrill lynch
MODN,20130320,15.50,20.30,21.19,10,21.96,6740000,21437554,jp morgan
MPG,20141212,15.00,15.25,15.49,1,15.49,10000000,67073255,goldman sachs
MPLX,20121026,22.00,25.50,26.25,9,26.25,17300000,36951515,morgan stanley
MPO,20120420,13.00,13.25,13.84,2,13.85,24000000,65634353,goldman sachs
MRC,20120412,21.00,20.50,20.89,10,20.94,22727273,101487198,goldman sachs
MRIN,20130322,14.00,19.00,19.95,2,19.95,7500000,30911322,goldman sachs
MTDR,20120202,12.00,11.75,11.75,0,11.75,13333334,54719860,rbc
MX,20110311,14.00,14.00,14.50,7,14.62,9500000,39351985,goldman sachs
MXPT,20150306,11.50,11.00,44.96,0,44.96,6500000,25566243,goldman sachs
MYCC,20130920,14.00,15.25,15.44,0,15.44,18000000,63769730,goldman sachs
NADL,20140129,9.25,8.50,88.50,10,89.39,13513514,241142651,goldman sachs
NAO,20140612,16.00,14.00,14.99,10,15.13,5882352,22549018,credit suisse
NAP,20141113,15.00,13.20,13.50,9,13.57,8100000,9342692,credit suisse
NBHC,20120920,19.25,20.25,20.25,0,20.25,7150000,46232050,goldman sachs
NDRO,20111103,22.00,21.75,21.85,0,21.85,13200000,33000000,goldman sachs
NEFF,20141121,15.00,14.75,15.78,6,15.78,10476190,10476190,jefferies
NEP,20140627,25.00,32.55,33.20,1,33.20,16250000,16250000,goldman sachs
NEWR,20141212,23.00,30.16,32.65,7,32.83,5000000,46045775,morgan stanley
NGL,20110512,21.00,21.00,21.25,0,21.25,3500000,8514222,rbc
NGVC,20120725,15.00,18.00,18.77,4,18.77,7142857,21803031,piper jaffray
NLSN,20110126,23.00,24.75,25.00,10,25.10,71428572,347629277,morgan stanley
NMBL,20131213,21.00,31.10,31.50,0,31.50,8000000,70280400,goldman sachs
NOAH,20101110,12.00,15.00,15.44,0,15.44,8400000,27350000,bofa merrill lynch
NORD,20140326,16.00,17.50,17.86,0,17.86,19000000,94897778,credit suisse
NOW,20120629,18.00,23.75,23.89,2,23.89,11650000,120289770,morgan stanley
NPTN,20110202,11.00,14.00,14.45,9,14.45,7500000,23474619,bofa merrill lynch
NSA,20150423,13.00,13.00,13.30,9,13.33,20000000,42131021,jefferies
NSLP,20130208,20.00,20.00,20.05,0,20.05,4000000,5145000,stifel nicolaus
NSM,20120308,14.00,13.57,13.90,5,13.90,16666667,86666667,credit suisse
NTI,20120726,14.00,13.66,14.33,9,14.33,16250000,73532000,goldman sachs
NVGS,20131121,19.00,20.40,21.12,1,21.12,12000000,55326765,jefferies
NVTA,20150212,16.00,17.50,17.83,5,17.83,6350000,30799284,jp morgan
NWHM,20140131,11.00,11.50,11.75,7,12.09,7812500,16448750,credit suisse
NYLD,20130717,22.00,26.75,26.91,5,26.91,19575000,19575000,goldman sachs
OAK,20120412,43.00,41.00,41.50,7,41.70,8843023,30579510,goldman sachs
OAKS,20130322,15.00,14.50,14.74,9,14.74,4033333,7389250,credit suisse
OCIP,20131004,18.00,17.25,17.59,7,17.70,17500000,80500000,bofa merrill lynch
OCIR,20130913,19.00,18.25,18.72,6,18.72,5000000,9775500,goldman sachs
OEC,20140725,18.00,17.80,18.37,2,18.37,19500000,59635126,goldman sachs
OMAM,20141009,14.00,14.00,14.00,0,14.00,22000000,120000000,credit suisse
ONDK,20141217,20.00,26.50,27.60,7,27.60,10000000,66160636,jefferies
OOMA,20150717,13.00,12.10,12.44,2,12.44,5000000,16952585,credit suisse
OPWR,20140404,19.00,25.00,26.00,0,26.00,6100000,47459839,goldman sachs
ORC,20130214,15.00,14.60,14.74,1,14.74,2360000,3341665,oppenheimer
P,20110615,16.00,20.00,26.00,2,26.00,14684000,159727692,morgan stanley
PACD,20111111,8.25,8.25,8.29,0,8.29,6000000,216000000,morgan stanley
PAGP,20131016,22.00,22.75,23.02,0,23.02,128000000,128000000,goldman sachs
PANW,20120720,42.00,55.15,62.07,0,62.07,6200000,66601444,goldman sachs
PAYC,20140415,15.00,17.90,17.92,0,17.92,6645000,50811059,barclays
PBF,20121213,26.00,28.00,28.17,0,28.17,20500000,20500000,morgan stanley
PBFX,20140509,23.00,28.00,28.30,1,28.30,13750000,15886553,barclays
PE,20140523,18.50,22.30,22.47,1,22.47,50000000,85668253,credit suisse
PF,20130328,20.00,22.26,22.63,0,22.63,29000000,112820660,bofa merrill lynch
PFSI,20130509,18.00,18.25,18.77,0,18.77,11111111,11111111,credit suisse
PGEM,20130523,21.00,22.35,23.47,9,23.47,15789474,64751968,credit suisse
PGND,20150521,25.00,27.67,28.43,5,28.43,8900000,52213200,goldman sachs
PGRE,20141119,17.50,18.49,18.50,1,18.50,131000000,192247023,morgan stanley
PN,20150116,14.00,13.49,13.57,1,13.57,8315700,26390415,suntrust robinson humphrey
PRLB,20120224,16.00,25.01,28.37,10,28.62,4300000,23187708,jefferies
PRTY,20150416,17.00,20.50,20.84,2,20.84,21875000,115971525,goldman sachs
PSXP,20130723,23.00,28.98,29.64,10,29.66,16425000,35217112,morgan stanley
Q,20130509,40.00,43.76,44.02,7,44.02,23684210,128915390,morgan stanley
QEPM,20130809,21.00,23.27,23.61,5,23.61,20000000,26705000,morgan stanley
QIHU,20110330,14.50,27.00,33.40,6,33.40,12110800,173213370,citigroup
QTS,20131009,21.00,22.40,22.81,2,22.81,12250000,27002274,goldman sachs
QTWO,20140320,13.00,16.25,16.75,1,17.38,7760870,31949901,jp morgan
RATE,20110617,15.00,14.00,14.30,8,14.30,20000000,100000000,goldman sachs
RCAP,20130605,20.00,19.75,19.78,1,19.78,2500000,2500000,jmp
RENN,20110504,14.00,19.50,24.00,0,24.00,53100000,1175789529,morgan stanley
REXR,20130719,14.00,14.75,14.80,0,14.80,16000000,25229818,bofa merrill lynch
RH,20121102,24.00,32.05,33.15,1,33.15,5164332,36971500,goldman sachs
RICE,20140124,21.00,21.90,22.50,4,22.50,44000000,127523810,goldman sachs
RIGP,20140731,22.00,22.00,24.20,2,24.20,17500000,41379310,morgan stanley
RKUS,20121116,15.00,15.00,15.00,0,15.00,8400000,73685793,goldman sachs
RLD,20100716,16.00,19.55,19.75,0,19.75,12500000,47638374,piper jaffray
RLGY,20121011,27.00,32.85,33.98,2,33.98,40000000,130153234,goldman sachs
RLJ,20110511,18.00,17.25,17.44,7,17.50,27500000,103120781,bofa merrill lynch
RM,20120328,15.00,17.00,17.33,9,17.33,4200000,12311727,jefferies
RMAX,20131002,22.00,26.25,26.87,1,26.87,10000000,10107971,morgan stanley
RMP,20141217,16.50,15.79,16.34,5,16.34,25000000,28753623,barclays
RNDY,20120208,8.50,8.40,8.80,9,8.87,19181818,44823713,credit suisse
RNF,20111104,20.00,20.00,20.20,0,20.20,15000000,38250000,morgan stanley
RNG,20130927,13.00,17.25,18.43,5,18.50,7500000,7500000,goldman sachs
ROYT,20120503,20.00,20.00,20.35,0,20.35,18500000,38583158,bofa merrill lynch
RPAI,20120405,8.00,8.78,8.85,0,8.85,31800000,80357544,keybanc
RRMS,20111209,20.00,20.50,20.90,9,20.90,7000000,8389709,barclays
RSPP,20140117,19.50,20.50,20.83,3,20.83,20000000,72500000,barclays
RUBI,20140402,15.00,17.50,18.20,8,18.45,6770995,34715103,goldman sachs
RXN,20120329,18.00,19.05,19.42,8,19.78,23684211,90524593,credit suisse
RYI,20140808,11.00,10.35,10.49,0,10.49,11000000,32037500,bofa merrill lynch
SALT,20131212,9.75,9.75,10.00,0,10.00,31300000,132695411,deutsche bank
SBY,20121214,18.50,18.70,18.82,5,18.82,13250000,37329804,credit suisse
SC,20140123,24.00,25.75,26.50,7,26.50,74991470,347381088,citigroup
SDLP,20121019,22.00,24.00,24.69,7,24.69,8750000,24815025,morgan stanley
SDR,20120418,21.00,21.80,21.90,1,21.98,26000000,49725000,morgan stanley
SE,20171020,15.00,16.25,16.99,1,16.99,58960000,58960000,credit suisse
SEAS,20130419,27.00,30.56,31.17,7,31.48,26000000,92737008,goldman sachs
SERV,20140626,17.00,17.45,17.63,1,17.63,35900000,127745104,credit suisse
SFS,20140924,12.00,13.10,13.42,2,13.42,13450000,71056860,credit suisse
SFUN,20100917,42.50,67.00,13.87,2,13.87,2933238,49007482,deutsche bank
SGM,20131010,16.00,17.18,18.25,9,18.68,7100000,24704236,credit suisse
SHAK,20150130,21.00,48.03,48.95,3,48.95,5000000,11308147,morgan stanley
SHLX,20141029,23.00,32.00,32.48,3,32.48,40000000,67475068,barclays
SHOP,20150521,17.00,28.00,28.74,0,28.74,7700000,7700000,credit suisse
SIR,20120307,21.50,21.75,21.98,0,21.98,8000000,30000000,morgan stanley
SLCA,20120201,17.00,17.25,17.44,0,17.44,11764705,52941176,jefferies
SMLP,20120928,20.00,21.00,21.34,3,21.38,12500000,24409850,bofa merrill lynch
SN,20111214,22.00,20.00,20.40,0,20.50,10000000,33000000,macquarie
SNOW,20140131,12.00,11.11,11.37,8,11.37,15625000,45007000,credit suisse
SQNS,20110415,10.00,9.00,9.35,0,9.35,7700000,34521629,jefferies
SRC,20120920,15.00,15.00,15.10,0,15.10,29000000,80501515,morgan stanley
SRLP,20131025,18.00,17.50,17.64,4,17.64,8500000,10071970,bofa merrill lynch
SSNI,20130313,17.00,22.00,22.49,0,22.49,4750000,45398561,credit suisse
SSTK,20121011,17.00,22.50,22.90,1,22.90,4500000,32838281,jefferies
STAY,20131113,20.00,22.75,23.00,0,23.49,28250000,200450000,goldman sachs
STOR,20141118,18.50,19.65,19.74,2,19.74,27500000,110917633,credit suisse
SUM,20150312,18.00,20.16,20.25,0,20.25,22222222,23251405,goldman sachs
SWFT,20101216,11.00,11.00,11.09,1,11.09,73300000,133416713,morgan stanley
SXC,20110721,16.00,17.00,17.25,6,17.50,11600000,70000000,credit suisse
SXCP,20130118,19.00,19.00,19.28,0,19.28,13500000,15709697,bofa merrill lynch
SXE,20121102,20.00,22.00,22.89,10,23.20,9000000,12213713,citigroup
SYF,20140731,23.00,23.00,24.00,0,24.00,125000000,830270833,goldman sachs
TAOM,20110609,9.00,8.49,11.00,0,11.00,7187500,723250000,credit suisse
TCPI,20140626,11.00,11.00,11.10,0,11.10,7142858,27696288,piper jaffray
TCS,20131101,18.00,35.00,36.22,8,36.22,12500000,46047915,credit suisse
TDOC,20150701,19.00,29.90,30.85,10,30.89,8250000,37046346,jp morgan
TEGP,20150507,29.00,30.90,31.45,4,31.45,41500000,41500000,goldman sachs
TEP,20130514,21.50,22.00,22.57,10,22.57,13050000,24300000,bofa merrill lynch
TEU,20110414,12.00,12.00,12.00,0,12.00,11000000,16113000,morgan stanley
THR,20110505,12.00,12.05,12.24,0,12.24,10000000,28933407,jefferies
TLLP,20110420,21.00,23.25,23.40,0,23.60,13000000,15254890,credit suisse
TLYS,20120504,15.50,18.80,19.29,4,19.29,8000000,8000000,goldman sachs
TMHC,20130410,22.00,23.35,23.78,5,23.78,28572000,28572000,credit suisse
TNET,20140327,16.00,18.50,19.43,10,19.43,15000000,68325248,morgan stanley
TOWR,20101015,13.00,13.55,13.74,1,13.74,6250000,18717866,goldman sachs
TPH,20130131,17.00,19.56,19.74,0,19.74,13689000,31597907,citigroup
TPRE,20130815,12.50,12.25,12.59,3,12.59,22053286,100580924,credit suisse
TRGP,20101207,22.00,24.10,24.40,1,24.40,16375000,42292348,morgan stanley
TRMR,20130627,10.00,11.00,11.09,0,11.09,7500000,49423104,credit suisse
TRU,20150625,22.50,24.62,25.00,5,25.14,29545455,177787877,goldman sachs
TRUP,20140718,10.00,11.25,11.45,1,11.45,7125000,26558716,rbc
TSE,20140612,19.00,20.65,20.75,0,20.75,10000000,47269567,goldman sachs
TSQ,20140724,11.00,10.74,10.74,0,10.84,8333333,8767242,jefferies
TUMI,20120419,18.00,26.00,26.90,4,26.90,18779865,67866667,credit suisse
TVPT,20140925,16.00,17.69,17.70,0,17.70,30000000,120107771,credit suisse
TWTR,20131107,26.00,45.10,49.49,10,50.09,70000000,544696816,goldman sachs
TXTR,20130607,15.00,24.00,25.18,3,25.18,5000000,21901947,credit suisse
UAN,20110408,16.00,18.06,18.19,0,18.19,19200000,73000000,goldman sachs
UCP,20130718,15.00,14.75,15.17,2,15.17,7750000,7750000,citigroup
UNVR,20150618,22.00,24.10,24.40,5,24.90,35000000,137934515,goldman sachs
USAC,20130115,18.00,17.50,17.75,6,17.93,11000000,15048588,goldman sachs
USDP,20141009,17.00,15.80,16.23,6,16.23,9120000,10213545,credit suisse
VCRA,20120328,16.00,24.00,24.48,0,24.48,5850000,21740372,piper jaffray
VEEV,20131016,20.00,38.00,39.64,0,39.64,13045000,13045000,morgan stanley
VIPS,20120323,6.50,6.00,0.62,1,0.62,11004600,101138565,deutsche bank
VJET,20131018,13.00,20.00,27.00,6,27.00,6500000,6500000,piper jaffray
VLP,20131211,23.00,28.25,28.59,4,28.59,15000000,28789989,barclays
VLRS,20130918,12.00,12.76,13.58,2,13.58,22646900,N/A,morgan stanley
VMEM,20130927,9.00,7.50,7.98,0,7.98,18000000,81824358,bofa merrill lynch
VNCE,20131122,20.00,29.50,30.48,1,30.48,10000000,36263585,goldman sachs
VOC,20110505,21.00,22.26,22.50,0,22.50,11085000,17000000,morgan stanley
VOYA,20130502,19.50,19.25,20.18,8,20.18,65192307,260769230,goldman sachs
VSLR,20141001,16.00,17.01,18.71,0,18.71,20600000,105303122,credit suisse
VTTI,20140801,21.00,21.00,22.80,10,23.10,17500000,20125000,citigroup
W,20141002,29.00,36.00,37.00,9,37.00,11000000,11000000,goldman sachs
WAGE,20120510,9.00,9.99,10.15,0,10.15,6500000,25733567,credit suisse
WAIR,20110728,15.00,14.75,14.80,0,14.80,21000000,85569794,morgan stanley
WBAI,20131122,13.00,20.00,21.85,7,21.85,5786000,5786000,deutsche bank
WCIC,20130725,15.00,15.25,15.44,0,15.49,6819091,25768048,credit suisse
WD,20101215,10.00,10.00,10.13,9,10.13,10000000,21889855,credit suisse
WDAY,20121012,28.00,48.05,49.23,8,49.23,22750000,22750000,goldman sachs
WGP,20121207,22.00,27.18,28.00,0,28.00,17181000,214532671,barclays
WHZ,20120323,20.00,21.00,22.43,10,22.74,16000000,18400000,morgan stanley
WK,20141212,14.00,14.00,14.74,9,14.74,7200000,27097876,credit suisse
WLH,20130516,25.00,26.12,27.19,6,27.25,8700000,26971129,credit suisse
WLKP,20140730,24.00,30.28,30.64,1,30.64,11250000,12686115,barclays
WMC,20120510,20.00,18.80,18.90,1,18.90,8000000,10333489,jefferies
WMS,20140725,16.00,16.05,16.24,0,16.24,14500000,52748211,barclays
WNRL,20131010,22.00,24.00,24.74,7,24.74,13750000,22811000,bofa merrill lynch
WPT,20130809,20.00,19.50,19.69,0,19.75,8750000,16485507,bofa merrill lynch
WSR,20100826,12.00,12.00,12.00,0,12.00,2200000,2200000,wunderlich
WUBA,20131031,17.00,21.20,24.83,7,24.83,11000000,11000000,credit suisse
WWAV,20121026,17.00,19.00,19.17,0,19.17,23000000,23000000,credit suisse
XON,20130808,16.00,21.10,22.45,8,22.45,9999999,95210329,barclays
XRS,20101020,10.00,14.00,14.95,4,15.26,12000000,149000000,credit suisse
XTLY,20150626,8.00,8.00,8.49,9,8.59,7037500,27708158,jp morgan
XUE,20101102,9.50,14.30,14.73,3,14.73,13430000,134299640,goldman sachs (asia)
YELP,20120302,15.00,22.01,26.00,1,26.00,7150000,7150000,goldman sachs
YOKU,20101208,12.80,27.00,30.00,4,30.00,15847700,1853577710,goldman sachs (asia)
ZAYO,20141017,19.00,21.51,22.50,4,22.50,21052631,239008679,goldman sachs
ZFC,20130208,21.25,20.50,20.60,0,20.60,5650000,7970886,credit suisse
ZOES,20140411,14.00,25.65,25.90,0,25.90,5833333,18394747,jefferies
ZPIN,20140612,13.50,14.51,15.72,10,16.20,5610000,5610000,credit suisse
ZTS,20130201,26.00,31.50,31.74,1,31.74,86100000,86100000,morgan stanley
ZX,20110512,6.00,6.00,6.20,0,6.20,12900000,206440000,morgan stanley
ARWAU,20150501,10.00,10.01,10.04,2,10.04,7200000,9455000,earlybird
AUMAU,20141002,10.00,9.66,9.81,7,9.81,24000000,30000000,citigroup
BHACU,20150206,10.00,10.00,10.00,0,10.00,4000000,5295000,earlybird
CADTU,20141001,10.00,10.00,10.00,0,10.00,6000000,7820000,aegis
CAMBU,20131218,10.00,10.00,10.04,9,10.05,7000000,9177500,earlybird
CNLMU,20141212,10.00,10.01,10.10,0,10.10,4000000,5285000,earlybird
GGACU,20140626,10.00,10.03,10.05,2,10.05,12500000,16188750,earlybird
HDRAU,20141024,10.00,9.78,9.85,2,9.85,8000000,10000000,ubs
HRMNU,20150324,10.00,10.00,10.04,6,10.08,10000000,13172250,cantor fitzgerald
QPACU,20150116,10.00,10.00,10.01,0,10.01,35000000,43750000,deutsche bank
ROIQU,20130917,10.00,10.00,10.02,0,10.02,12500000,15625000,deutsche bank
SMACU,20140827,10.00,10.00,10.07,3,10.07,4000000,5210000,cantor fitzgerald
TFSCU,20140716,10.00,10.00,10.01,4,10.01,4000000,5180000,earlybird
TRTLU,20140717,10.00,10.00,10.04,3,10.04,18500000,23125000,deutsche bank
WLRHU,20140606,10.00,10.08,10.14,0,10.14,43500000,54375000,bofa merrill lynch
FCAU,20141212,11.00,11.20,11.40,10,11.40,87000000,1271919505,goldman sachs
RUN,20150805,14.00,13.06,13.31,1,13.31,17900000,96973895,credit suisse
ZYNE,20150805,14.00,18.00,22.15,10,22.25,3000000,8733963,jefferies
XCOM,20151112,5.00,5.00,5.24,7,5.24,5000000,17110138,bmo
MRUS,20160519,10.00,9.75,10.12,1,10.30,5500000,15407108,jefferies
AXSM,20151119,9.00,9.00,9.44,5,9.44,5666667,19137144,ladenburg thalmann
HLI,20150813,21.00,22.75,22.89,0,22.89,10500000,10509524,goldman sachs
ATKR,20160610,16.00,15.75,16.40,5,16.40,12000000,62458367,credit suisse
KTOV,20151120,4.12,3.26,3.41,1,3.41,3158900,3806828,rodman and renshaw
AGLE,20160407,10.00,10.00,10.72,10,10.72,5000000,12929832,bmo
NVCR,20151002,22.00,20.16,20.48,0,20.48,7500000,82676810,jp morgan
CFCOU,20160520,10.00,10.04,10.10,7,10.10,60000000,75000000,credit suisse
ARA,20160421,22.00,26.50,26.84,10,26.84,7500000,29719803,goldman sachs
PFNX,20140724,6.00,6.00,6.00,0,6.00,8333333,19233897,william blair
RACE,20151021,52.00,60.00,60.97,2,60.97,17175000,188921600,bofa merrill lynch
MTCH,20151119,12.00,13.57,13.78,2,13.78,33333333,33333333,bofa merrill lynch
SENS,20160318,2.85,2.85,3.10,6,3.10,15800000,91560061,canaccord genuity
GBT,20150812,20.00,34.65,40.99,5,40.99,6000000,27808457,goldman sachs
SRAQU,20160224,10.00,10.00,10.06,6,10.06,45000000,56250000,goldman sachs
KURA,20151105,8.00,8.00,8.25,0,8.25,6250000,20758177,citigroup
CRVS,20160323,15.00,15.00,15.39,1,15.39,4700000,20406356,credit suisse
SBPH,20160506,12.00,11.28,11.64,0,11.64,920000,7091091,william blair
DLTH,20151120,12.00,13.00,14.39,8,14.39,6666667,27928411,william blair
PAACU,20151015,10.00,10.02,10.05,1,10.05,5000000,6727500,earlybird
CTF,20121026,25.00,24.90,24.90,0,24.90,18800000,N/A,bofa merrill lynch
ELMD,20100813,4.00,4.05,4.35,1,4.35,1700000,7887885,feltl
PTI,20160211,8.00,8.00,8.00,0,8.00,6250000,16711479,rbc
RGNX,20150917,22.00,30.26,32.00,4,32.00,6300000,25350708,piper jaffray
BRG,20140328,14.50,14.50,14.52,0,14.58,3448276,4495744,wunderlich
PSTG,20151007,17.00,16.74,16.93,1,17.00,25000000,25000000,goldman sachs
SGRY,20151001,19.00,17.55,18.58,0,18.58,14285000,48156990,goldman sachs
EDGE,20151001,11.00,11.60,12.00,0,12.00,7315151,27496401,credit suisse
TPB,20160511,10.00,10.00,10.30,0,10.30,5400000,15956507,cowen
CNFR,20150813,10.50,9.75,10.40,2,10.40,3100000,7444523,bmo
FORK,20151104,5.00,5.15,5.27,0,5.27,4000000,15666667,network 1
MIME,20151119,10.00,11.00,11.99,4,11.99,7750000,54002598,goldman sachs
PLNT,20150806,16.00,14.50,15.00,3,15.00,13500000,35229587,credit suisse
FDC,20151015,16.00,16.39,16.41,1,16.41,160000000,160000000,morgan stanley
EQBK,20151111,22.50,24.25,24.25,0,24.25,1940000,6859017,keefe bruyette and woods
VYGR,20151111,14.00,15.10,15.87,8,16.00,5000000,26034710,piper jaffray
MIRN,20151001,7.00,7.25,7.99,4,7.99,6250000,20056726,citigroup
IOTS,20151027,5.00,5.60,6.08,0,6.08,5000000,14781169,oppenheimer
GWRS,20160428,6.25,8.13,8.13,0,8.13,1164800,19406546,roth
PMTS,20151009,10.00,11.00,12.90,5,13.05,15000000,56476116,goldman sachs
MSBI,20160524,22.00,22.06,22.18,1,22.18,3638755,14849031,sandler o'neill
EAGLU,20150911,10.00,10.01,10.02,4,10.02,48000000,60000000,bofa merrill lynch
PEN,20150918,30.00,40.00,40.90,2,41.25,4000000,30038637,bofa merrill lynch
COE,20160610,19.00,19.50,20.84,3,20.84,2400000,19665710,credit suisse
INST,20151113,16.00,16.00,16.15,1,17.25,4400000,26535566,goldman sachs
IRT,20130813,8.50,8.00,8.25,8,8.25,4000000,9643540,william blair
MESO,20151113,8.00,7.50,8.40,3,8.40,7479617,7753214,credit suisse
ACRS,20151007,11.00,11.94,11.98,0,11.98,5000000,19407503,jefferies
EDIT,20160203,16.00,18.00,18.50,0,18.50,5900000,35699538,morgan stanley
SUPV,20160519,11.00,11.50,11.65,4,11.65,25500015,68930521,morgan stanley
WVE,20151111,16.00,17.05,17.25,1,17.59,6375000,20933297,jefferies
NH,20160602,14.00,16.11,19.08,6,19.50,6500000,120732690,jefferies
RRR,20160427,19.50,18.50,19.14,4,19.14,27250000,38971058,goldman sachs
GMS,20160526,21.00,22.50,22.99,1,22.99,7000000,39892904,credit suisse
BNTC,20150818,9.21,9.00,9.00,0,9.00,1500000,1689058,maxim
CLACU,20151014,10.00,10.00,10.01,1,10.01,30000000,37500000,citigroup
RETA,20160526,11.00,11.06,12.00,10,12.00,5500000,6818401,piper jaffray
HCM,20160317,13.50,13.50,14.20,10,14.20,7500000,7500000,bofa merrill lynch
ABTX,20151008,21.00,22.55,22.75,0,22.75,2600000,12423025,robert w baird
BGNE,20160203,24.00,28.97,29.49,8,29.49,6600000,6600000,goldman sachs
SDPI,20140523,4.00,4.00,4.35,0,4.35,6750000,16279146,roth
YIN,20160427,13.50,13.80,14.00,0,14.00,7500000,7500000,jefferies
CLSD,20160602,7.00,8.00,8.45,0,8.45,7200000,19592708,rbc
SQ,20151119,9.00,11.20,12.39,7,12.39,27000000,27000000,goldman sachs
FNTCU,20150213,10.00,10.00,10.01,9,10.01,10000000,13733333,cantor fitzgerald
PFGC,20151001,19.00,19.00,19.90,7,19.90,14500000,99656275,credit suisse
MGP,20160420,21.00,22.75,22.88,0,22.88,50000000,50000000,morgan stanley
AIMT,20150806,16.00,17.50,21.89,10,22.28,10000000,40679538,credit suisse
AFCO,20151020,8.00,7.00,7.19,10,7.19,6000000,16890847,rbc
MBRX,20160602,6.00,8.99,9.49,1,9.49,1540026,14273853,network 1
MDGN,20110408,4.54,4.54,4.56,6,4.56,2460000,9397594,maxim
USFD,20160526,23.00,24.25,24.38,5,24.58,44444444,213629225,goldman sachs
NBRV,20150918,10.25,11.39,11.80,1,11.80,9000000,9000000,rbc
TEAM,20151210,21.00,27.67,28.05,0,28.05,22000000,52872107,goldman sachs
SCWX,20160422,14.00,13.89,14.37,10,14.37,8000000,10671149,goldman sachs
COTV,20160526,19.00,19.00,19.50,0,19.50,12500000,89731531,goldman sachs
NTLA,20160506,18.00,22.00,22.44,0,22.64,6000000,35096265,credit suisse
CTMX,20151008,12.00,16.00,17.02,5,17.02,6666667,34920593,jefferies
CQH,20131213,20.00,19.60,19.69,0,19.69,36000000,231700000,credit suisse
OASM,20151023,4.06,4.00,4.25,0,4.25,2339200,2339200,aegis
SITE,20160512,21.00,25.64,26.39,8,26.39,10000000,39542239,goldman sachs
GRSHU,20150814,10.00,10.03,10.05,0,10.05,35000000,43750000,deutsche bank
UFAB,20150701,9.50,12.50,12.53,1,12.53,2350000,9089998,roth
KLREU,20160311,10.00,10.00,10.07,1,10.07,8000000,10000000,earlybird
PACEU,20150911,10.00,10.10,10.15,9,10.15,40000000,50000000,citigroup
ACIA,20160513,23.00,29.00,31.83,7,31.83,4500000,35656350,goldman sachs
ECACU,20150813,10.00,10.05,10.05,0,10.05,4000000,5310000,cantor fitzgerald
MYOK,20151029,10.00,11.08,11.24,10,11.34,5437500,26242973,credit suisse
SNDX,20160303,12.00,12.11,12.70,2,12.74,4400000,17372675,morgan stanley
VIVE,20160614,5.00,5.00,5.00,0,5.00,2700000,10201919,ladenburg thalmann
SBBP,20151016,10.00,13.00,14.30,1,14.30,2500000,21205382,bofa merrill lynch
AVXS,20160211,20.00,18.02,18.50,0,18.50,4750000,22400570,goldman sachs
FPI,20140411,14.00,13.75,13.76,0,13.76,3800000,4014283,janney montgomery scott
DMTX,20151022,13.00,12.60,12.75,2,12.75,5500000,24879574,goldman sachs
CCRC,20151221,4.00,4.39,5.22,5,6.99,2400000,18329600,viewtrade
MPSX,20151022,13.00,12.90,13.65,1,13.65,16500000,77439432,bofa merrill lynch
PLSE,20160518,4.00,4.13,4.40,1,4.40,5000000,12565451,feltl
YRD,20151218,10.00,10.00,10.39,1,10.39,7500000,7500000,credit suisse
LCAHU,20160526,10.00,10.00,10.01,0,10.01,25000000,31250000,jefferies
ACIU,20160923,11.00,14.11,15.64,3,16.00,6000000,55396042,credit suisse
AIRG,20160812,8.00,8.00,8.37,1,8.37,1500000,7237615,northland
AMMA,20161006,4.50,4.99,5.47,1,5.47,3333333,10000000,network 1
APOP,20160729,6.50,5.40,5.40,0,5.40,1292308,N/A,rodman and renshaw
APTI,20160923,16.00,23.40,24.60,1,24.60,6000000,6000000,goldman sachs
AZRX,20161011,5.50,5.06,5.12,0,5.12,960000,9631088,network 1
BOLD,20160720,15.00,19.00,19.00,0,19.00,5000000,21020378,piper jaffray
CPAAU,20160715,10.00,10.05,10.10,10,10.12,37500000,46875000,goldman sachs
CSTR,20160922,15.00,16.56,16.95,0,16.95,2585000,10795871,sandler o'neill
EVBG,20160916,12.00,12.30,12.50,0,12.72,7500000,26923604,credit suisse
FHB,20160804,23.00,24.20,24.38,5,24.50,21086957,139459620,goldman sachs
FLGT,20160929,9.00,9.21,10.90,4,10.90,4200000,17046256,credit suisse
GEMP,20160805,10.00,9.25,9.30,0,9.30,3000000,8431615,jefferies
GSUM,20160923,13.00,15.25,16.39,10,16.47,6700000,6700000,citigroup
KNSL,20160728,16.00,18.00,18.68,9,18.68,6600000,20968707,william blair
LTEA,20160729,5.50,6.25,6.25,0,6.25,1818182,7764980,network 1
MACQU,20160914,10.00,10.00,10.01,3,10.01,5000000,6652500,maxim
MEDP,20160811,23.00,28.15,28.50,0,28.50,7000000,39642113,credit suisse
MIIIU,20160707,10.00,10.00,10.00,0,10.00,15000000,19210000,cantor fitzgerald
MRAM,20161007,8.00,9.10,9.99,0,9.99,5000000,12492015,stifel nicolaus
NOVN,20160921,11.00,14.40,16.05,3,16.44,4100000,15323659,piper jaffray
NTNX,20160930,16.00,26.50,29.67,7,29.91,14870000,14870000,goldman sachs
OBLN,20161006,15.00,15.21,15.88,0,15.88,5000000,15953471,canaccord genuity
PI,20160721,14.00,18.00,18.44,1,18.44,4800000,17810000,piper jaffray
PTGX,20160811,12.00,12.00,12.00,0,12.00,7500000,16323551,barclays
SCACU,20160916,10.00,10.06,10.07,1,10.07,23500000,29375000,goldman sachs
SELB,20160622,14.00,15.00,16.32,0,16.32,5000000,17899586,stifel nicolaus
STLRU,20160819,10.00,10.00,10.00,0,10.00,6500000,8487097,maxim
SYRS,20160630,12.50,15.00,16.65,7,16.65,4000000,22760161,piper jaffray
TCMD,20160728,10.00,10.35,10.96,0,10.96,4000000,16649017,piper jaffray
TLND,20160729,18.00,27.66,28.00,1,28.00,5250000,5250000,goldman sachs
TPIC,20160722,11.00,11.41,12.41,8,12.41,6250000,32799363,morgan stanley
TRHC,20160929,12.00,14.70,16.17,0,16.17,4300000,15584558,ubs
TTD,20160921,18.00,28.75,29.48,0,29.48,4666667,4666767,jefferies
TUSK,20161014,15.00,13.66,14.29,1,14.29,7750000,37500000,credit suisse
TYHT,20160928,4.50,17.75,20.00,6,27.82,1713190,21098660,network 1
XOG,20161012,19.00,22.75,22.75,0,22.75,33333333,141793564,credit suisse
ADSW,20161006,18.00,20.50,20.50,0,20.50,19250000,83743537,credit suisse
APFH,20160715,21.00,23.50,23.73,0,23.73,18600000,78586202,credit suisse
AZRE,20161012,18.00,16.12,16.39,0,16.39,3409091,25915959,credit suisse
CWH,20161007,22.00,23.75,24.35,4,24.35,11363636,18427352,goldman sachs
ELF,20160922,17.00,24.00,25.73,2,26.40,8333333,44379833,morgan stanley
FBK,20160916,19.00,21.15,21.27,0,21.27,5882352,23102352,jp morgan
GMRE,20160629,10.00,10.00,10.04,3,10.04,13043479,15649154,oppenheimer
HOME,20160804,15.00,16.25,16.48,1,16.48,8667000,59503727,goldman sachs
KDMN,20160727,12.00,11.55,11.73,1,11.73,6250000,44870332,jefferies
LN,20160714,32.84,42.00,44.49,1,44.49,35000000,209992000,morgan stanley
MRT,20160929,12.00,11.50,11.70,0,11.76,19925333,30250010,keybanc
NBLX,20160915,22.50,26.50,27.15,4,27.15,12500000,15902584,barclays
NTB,20160916,23.50,25.10,25.24,2,25.24,10638298,53250700,goldman sachs
PTHN,20160721,21.00,25.00,25.00,0,25.00,29761905,140609756,jefferies
TWLO,20160623,15.00,23.99,25.50,3,25.76,10000000,10000000,goldman sachs
VVV,20160923,22.00,24.10,24.51,9,24.51,30000000,200000000,morgan stanley
WAAS,20161006,18.00,21.00,22.00,10,22.39,6500000,25413016,rbc
ZTO,20161027,19.50,18.40,18.40,0,18.40,72100000,72100000,morgan stanley
BL,20161028,17.00,24.52,25.50,3,25.50,8600000,49331079,goldman sachs
CRSP,20161019,14.00,15.00,16.32,3,16.32,4000000,39360634,piper jaffray
FRTA,20161020,18.00,16.61,16.84,1,16.84,18420000,63789474,credit suisse
GDS,20161102,10.00,10.00,10.18,5,10.49,19250000,19250000,credit suisse
GTYHU,20161027,10.00,10.04,10.12,0,10.12,48000000,60000000,citigroup
IRTC,20161020,17.00,26.75,28.00,0,28.00,6294118,21123112,morgan stanley
QTNA,20161028,16.00,16.80,17.30,1,17.30,6700000,32781088,morgan stanley
RARX,20161026,13.00,14.16,14.41,0,14.86,7049230,21488780,credit suisse
SND,20161104,11.00,10.30,10.64,3,10.80,11700000,34238712,credit suisse
GOLF,20161028,17.00,17.00,17.35,5,17.50,19333333,74093598,morgan stanley
MYOV,20161027,15.00,15.00,15.50,0,15.50,14500000,60227953,barclays
MTFB,20161118,6.98,5.52,5.68,10,5.71,2438491,9032187,suntrust robinson humphrey
IIPR,20161201,20.00,20.25,20.52,1,20.52,3350000,3350000,ladenburg thalmann
ATH,20161209,40.00,43.56,44.62,5,44.62,27000000,74816116,goldman sachs
HUNTU,20161118,10.00,9.84,9.87,1,9.87,15000000,18750000,morgan stanley
WRD,20161214,15.00,15.70,16.48,1,16.48,27500000,91000000,bofa merrill lynch
ICHR,20161209,9.00,10.25,10.90,9,10.96,5877778,23727787,deutsche bank
POLA,20161207,7.00,7.55,7.60,0,7.60,2400000,9783158,roth
SNES,20161208,8.00,8.25,8.53,10,8.53,1875000,10128586,roth
TIG,20161215,15.50,14.00,14.05,0,14.05,2300000,12415229,bofa merrill lynch
TRVG,20161216,11.00,11.20,12.43,9,12.43,26110118,26110118,goldman sachs
HEBT,20161227,4.00,7.00,7.02,10,7.02,5000000,17000000,spartan
GSHTU,20170113,10.00,10.16,10.28,8,10.28,37500000,46875000,deutsche bank
JAG,20170127,15.00,14.10,14.20,0,14.20,31599334,211075000,credit suisse
FNTEU,20170120,10.00,10.10,10.12,0,10.12,15300000,20960000,cantor fitzgerald
FRAC,20170120,19.00,22.00,22.19,0,22.19,26760000,103128019,morgan stanley
ANAB,20170126,15.00,16.00,16.88,5,16.88,5000000,19159333,credit suisse
JNCE,20170127,16.00,18.00,18.50,0,18.50,6365000,31167026,jp morgan
LAUR,20170201,14.00,12.50,12.95,10,13.07,35000000,35000000,credit suisse
OBSV,20170126,15.00,13.29,13.50,0,13.50,6450000,29631262,credit suisse
JELD,20170127,23.00,25.25,26.00,0,26.00,25000000,104881637,barclays
REVG,20170127,22.00,25.75,25.81,0,25.81,12500000,63697200,goldman sachs
METC,20170203,13.50,14.55,14.78,0,14.78,6000000,39062576,credit suisse
INVH,20170201,20.00,20.10,20.42,6,20.42,77000000,302116760,jp morgan
KRP,20170203,18.00,18.06,18.73,8,18.81,5000000,16332708,rbc
CLPR,20170210,13.50,15.00,15.00,0,15.00,5700000,17012755,raymond james
FBM,20170210,14.00,15.80,15.85,0,15.85,12800000,42774239,rbc
SNAP,20170302,17.00,24.00,25.20,3,25.20,200000000,661834416,goldman sachs
HLNE,20170301,16.00,17.85,18.15,10,18.45,11875000,17070505,morgan stanley
ARD,20170315,19.00,21.95,22.25,4,22.25,16200000,16200000,goldman sachs
VLRX,20170323,10.00,9.50,9.50,0,9.50,5250000,7639585,cowen
TRTX,20170720,20.00,19.60,19.75,9,19.75,11000000,59476487,goldman sachs
ADOM,20170615,5.00,7.25,7.25,0,7.25,2852275,68070930,boustead
AKCA,20170714,8.00,8.13,8.48,8,8.48,15625000,64197879,stifel nicolaus
ALRN,20170629,15.00,13.75,14.00,0,14.00,3750000,14710208,jefferies
APPN,20170525,12.00,15.00,15.23,9,15.34,6250000,6250000,goldman sachs
ARGX,20170518,17.00,17.90,19.42,6,19.42,5865000,25991479,piper jaffray
ASV,20170512,7.00,7.45,7.49,0,7.75,3800000,9800000,roth
ATACU,20170809,10.00,10.05,10.07,4,10.07,4000000,5320000,chardan
ATNX,20170614,11.00,12.00,12.20,0,12.20,6000000,56044023,credit suisse
ATXI,20170627,6.00,7.60,8.58,3,8.58,5500000,8841468,oppenheimer
BCACU,20170620,10.00,10.10,10.12,0,10.12,5250000,6951250,earlybird
BOMN,20170616,13.00,13.00,14.99,0,14.99,6538462,12380277,cowen
BYSI,20170309,20.00,20.00,21.00,10,21.00,174286,21707925,citigroup
CATS,20170426,4.80,4.75,4.85,6,4.85,3125000,15570964,joseph gunnar
CIFS,20170808,10.00,13.00,13.00,0,13.00,2023146,23000000,network 1
CLXT,20170720,8.00,9.50,10.74,10,11.45,7000000,26600000,credit suisse
CMTA,20170802,15.00,18.25,18.95,7,18.95,8000000,30526584,morgan stanley
CNACU,20170620,10.00,10.00,10.03,4,10.03,12500000,16130000,cowen
CODX,20170712,6.00,6.00,6.24,0,6.24,1178532,N/A,network 1
CSSE,20170818,12.00,13.00,13.26,0,13.26,2500000,1891073,the benchmark
DOVA,20170629,17.00,19.25,20.18,10,20.80,4415000,24990207,jefferies
ESQ,20170627,14.00,15.90,15.90,0,15.90,2363873,6857030,sandler o'neill
FSACU,20170719,10.00,10.06,10.10,6,10.10,40000000,50000000,bofa merrill lynch
GNTY,20170509,27.00,30.00,30.49,9,30.67,2000000,10753933,sandler o'neill
GTHX,20170517,15.00,15.00,15.23,2,15.23,7000000,27413834,jp morgan
IMRN,20170609,9.99,9.25,9.26,0,9.26,610000,610000,joseph gunner
INDUU,20170727,10.00,10.02,10.03,0,10.03,20000000,25000000,fbr
KAACU,20170330,10.00,10.09,10.11,0,10.11,35000000,43750000,credit suisse
KALA,20170720,15.00,16.70,17.91,5,17.91,6000000,23283399,bofa merrill lynch
KBLMU,20170602,10.00,10.00,10.00,0,10.00,10000000,12950000,ladenburg thalmann
MMDMU,20170512,10.00,10.09,10.12,0,10.12,18000000,22500000,macquarie
MPACU,20170310,10.00,10.00,10.04,9,10.04,30000000,37500000,cantor fitzgerald
MRSN,20170628,15.00,14.25,14.60,3,14.60,5000000,22645621,jp morgan
NCSM,20170428,17.00,20.00,20.30,1,20.30,9500000,45325225,credit suisse
NEWA,20170728,5.00,7.32,9.20,8,9.80,1400000,10599000,viewtrade
OKTA,20170407,17.00,23.56,24.50,1,24.50,11000000,11000000,goldman sachs
OSPRU,20170721,10.00,10.05,10.07,0,10.07,25000000,31250000,credit suisse
OVID,20170505,15.00,14.00,14.48,9,14.48,5000000,24601937,citigroup
PETQ,20170721,16.00,21.00,21.07,0,21.07,6250000,12285083,jefferies
PSDO,20170310,14.00,13.50,13.90,9,14.25,16666666,88611044,citigroup
RBB,20170726,23.00,23.32,23.96,9,24.19,3750000,15685559,sandler o'neill
RDFN,20170728,15.00,19.56,20.92,4,20.92,9231000,79536768,goldman sachs
SGBX,20170622,5.00,4.75,5.20,6,5.20,1500000,3982238,joseph gunnar
SGH,20170524,11.00,12.00,12.58,9,13.59,5300000,20707277,barclays
SNNA,20170727,15.00,19.05,19.42,2,19.60,4333333,19888258,jp morgan
SSTI,20170607,11.00,12.20,13.35,0,13.35,2800000,9112924,roth
TNTR,20170630,7.00,7.12,7.50,4,7.55,8572000,30910806,morgan stanley
TOCA,20170413,10.00,10.27,11.05,8,11.05,8500000,18501763,stifel nicolaus
TRPX,20170322,6.00,6.30,8.97,9,8.97,2000000,3197138,laidlaw
URGN,20170504,13.00,13.28,13.50,1,13.74,4473373,11972543,jefferies
VEACU,20170411,10.00,10.10,10.11,0,10.11,48000000,60000000,credit suisse
VERI,20170512,15.00,15.64,15.64,0,15.64,2500000,13879561,wunderlich
VRNA,20170427,13.50,13.50,13.89,0,13.89,5768000,5768000,jefferies
WRLSU,20170727,10.00,10.05,10.06,1,10.06,27000000,33750000,earlybird
ZEAL,20170809,17.87,18.12,18.69,4,18.69,4375000,30087402,goldman sachs
AMGP,20170504,23.50,22.15,22.40,5,22.68,37250000,186170213,morgan stanley
APRN,20170629,10.00,10.00,10.65,10,10.65,30000000,30042687,goldman sachs
ATUS,20170622,30.00,31.60,32.17,5,32.19,63943029,246982292,goldman sachs
AYX,20170324,14.00,17.25,17.50,0,17.50,9000000,9000000,goldman sachs
BEDU,20170518,10.50,11.00,11.44,3,11.44,15000000,15000000,morgan stanley
BHVN,20170504,17.00,20.00,20.25,0,20.25,9900000,34230583,piper jaffray
BY,20170630,19.00,20.35,20.48,0,20.48,5700000,28391900,bofa merrill lynch
CADE,20170413,20.00,22.05,22.24,1,22.24,7500000,82500000,goldman sachs
CLDR,20170428,15.00,17.80,18.70,5,18.94,15000000,128064103,morgan stanley
CVNA,20170428,15.00,13.50,13.94,1,13.94,15000000,15000000,bofa merrill lynch
EEX,20170428,17.00,18.70,19.25,7,19.25,15500000,72202207,goldman sachs
ELVT,20170406,6.50,7.00,7.69,6,7.90,12400000,39499745,credit suisse
FND,20170427,21.00,30.25,31.00,8,31.00,8823500,92358577,credit suisse
FPH,20170510,14.00,15.20,15.40,4,15.40,21000000,58426008,citigroup
GDI,20170512,20.00,21.25,21.30,0,21.30,41300000,189732248,goldman sachs
GPMT,20170623,19.50,18.25,18.53,8,18.53,10000000,43235103,morgan stanley
HESM,20170405,23.00,25.50,25.93,9,25.94,14780000,27279654,goldman sachs
JILL,20170309,13.00,12.75,12.97,4,12.97,11666667,43747944,jefferies
KREF,20170505,20.50,21.00,21.25,0,21.25,10250000,52174338,morgan stanley
MULE,20170317,17.00,24.25,25.64,10,25.92,13000000,13000000,goldman sachs
NETS,20170412,18.00,16.35,16.90,10,17.18,8250000,31025936,goldman sachs
PUMP,20170317,14.00,15.00,15.00,0,15.00,25000000,83039854,goldman sachs
SAFE,20170622,20.00,19.00,19.19,1,19.19,10250000,18190000,bofa merrill lynch
SNDR,20170406,19.00,19.50,19.69,4,19.74,28947000,90508890,morgan stanley
SOI,20170512,12.00,12.21,12.47,0,12.47,10100000,10100000,credit suisse
VNTR,20170803,20.00,20.89,21.17,3,21.17,22700000,106271712,goldman sachs
WOW,20170525,17.00,16.00,16.84,10,17.18,18235295,84734057,credit suisse
WTTR,20170421,14.00,14.90,15.14,2,15.14,8700000,12777970,credit suisse
XRF,20170428,6.00,6.65,6.79,1,6.79,10000000,10000000,credit suisse
YEXT,20170413,11.00,14.00,14.25,0,14.25,10500000,85489470,morgan stanley
ZYME,20170428,13.00,13.50,14.25,1,14.25,4500000,24924461,barclays
PLYM,20170609,19.00,18.36,18.45,0,18.45,2900000,3626702,oppenheimer
SACH,20170210,5.00,4.90,5.10,7,5.10,2600000,11133237,joseph gunnar
IAMXU,20170817,10.00,10.06,10.10,1,10.10,5000000,6554500,maxim
YOGA,20170811,5.50,5.50,5.85,1,5.85,7300000,16209081,cowen
RNGR,20170811,14.50,14.00,14.50,5,14.50,5862069,8413178,credit suisse
ZKIN,20170901,5.00,7.61,8.04,1,8.04,1068346,13500000,boustead
CELC,20170920,9.50,12.35,13.00,0,13.00,2400000,9722050,craig hallum
ZLAB,20170920,18.00,24.25,26.72,8,26.73,8333333,8333333,citigroup
TRLA,20120920,17.00,22.10,23.48,5,23.48,6000000,26376654,jp morgan
DOTAU,20170915,10.00,10.07,10.14,1,10.14,5000000,6600000,earlybird
KRYS,20170920,10.00,10.50,10.95,5,11.00,3960000,9643247,ladenburg thalmann
PETZ,20170921,4.25,6.75,7.43,0,7.43,1325000,9225000,viewtrade
SECO,20170922,13.00,12.10,12.70,1,12.70,8500000,8500000,jefferies
TRMT,20170914,20.00,17.75,17.75,0,17.75,2500000,3100100,rbc
BSTI,20170920,10.00,11.48,11.74,6,11.74,45000000,45000000,credit suisse
DESP,20170920,26.00,29.00,29.49,10,29.49,12770000,67182110,morgan stanley
OMP,20170921,17.00,16.75,16.86,0,16.86,7500000,13750000,morgan stanley
NITE,20170928,14.00,17.25,17.95,0,17.95,5360000,28100714,jefferies
RYB,20170927,18.50,24.12,26.40,7,26.40,7800000,7800000,credit suisse
DCPH,20170928,17.00,20.05,20.53,0,20.53,7500000,31925190,piper jaffray
NCNA,20170928,15.00,15.50,16.33,9,16.59,6667000,30881641,jefferies
ROKU,20170928,14.00,15.78,18.28,8,18.28,15668000,15668000,morgan stanley
PQG,20170929,17.50,17.00,17.00,0,17.20,29000000,135219726,credit suisse
BRACU,20171005,10.00,10.09,10.14,0,10.14,12000000,15400000,earlybird
RYTM,20171005,17.00,23.21,27.82,6,27.82,7050000,26073984,morgan stanley
SWCH,20171006,17.00,21.70,24.90,4,24.90,31250000,31250000,goldman sachs
KIDS,20171012,13.00,18.00,20.00,0,20.90,4000000,12044435,piper jaffray
OPTN,20171013,16.00,20.00,20.95,0,20.95,7500000,36636273,jefferies
CARG,20171012,16.00,29.00,30.19,8,30.19,9400000,77145294,goldman sachs
HAIR,20171012,7.00,8.55,11.95,9,11.95,3575000,28581033,national
RMBL,20171019,5.50,5.50,5.50,0,5.50,2910000,11928541,maxim
QD,20171018,24.00,34.35,35.45,1,35.45,37500000,37500000,credit suisse
LYL,20171020,6.00,7.39,9.45,6,10.45,1421394,11666667,network 1
MDB,20171019,24.00,33.00,34.00,0,34.00,8000000,8068199,goldman sachs
REDU,20171020,14.50,16.00,17.00,10,17.00,11000000,11000000,credit suisse
ABLX,20171025,17.50,17.85,18.90,7,18.90,11430000,N/A,jefferies
FAT,20171023,12.00,12.80,13.99,0,13.99,2000000,10000000,tripoint global equities
CMSSU,20171026,10.00,10.01,10.03,0,10.03,18000000,22975000,earlybird
EYE,20171026,22.00,28.75,29.10,2,29.10,15800000,72283832,goldman sachs
FSCT,20171027,22.00,26.25,27.00,1,27.00,5280000,37013806,morgan stanley
HYACU,20171025,10.00,10.07,10.07,0,10.07,30000000,37500000,cantor fitzgerald
MBIN,20171027,16.00,17.00,17.29,2,17.29,6250000,27747667,sandler o'neill
BPMP,20171026,18.00,16.85,16.98,3,17.17,42500000,52375535,goldman sachs
NEXA,20171027,16.00,16.50,16.50,0,16.61,31000000,133320513,credit suisse
ACMR,20171103,5.60,8.17,8.48,0,8.48,2000000,12702546,roth
ALNA,20171102,14.00,12.00,12.40,0,12.40,5333333,20621848,credit suisse
FNKO,20171102,12.00,8.00,8.24,1,8.34,10416666,23337705,goldman sachs
HX,20171103,10.00,15.00,17.00,1,17.00,5000000,8888888,network 1
STNLU,20171103,10.00,10.14,10.14,0,10.14,30000000,37500000,credit suisse
AQ,20120427,6.00,6.00,6.25,1,6.25,5555556,5555556,oppenheimer
AQUA,20171102,18.00,19.10,19.60,5,19.60,27777777,113282257,credit suisse
LOMA,20171101,19.00,21.65,21.85,9,21.98,46000000,119205298,morgan stanley
APLS,20171109,14.00,14.50,14.90,1,14.90,10714000,49256937,citigroup
CBTX,20171108,26.00,28.00,28.38,1,29.62,2400000,24463072,keefe bruyette and woods
IFRX,20171108,15.00,15.19,15.48,1,15.48,6667000,23410972,jp morgan
FEDU,20171108,10.00,10.20,10.73,3,10.73,10100000,10100000,morgan stanley
MCB,20171108,35.00,38.95,38.98,0,38.98,3100000,7733012,jp morgan
SOGO,20171109,13.00,13.00,14.32,10,14.70,45000000,45000000,credit suisse
BAND,20171110,20.00,21.06,22.00,3,22.00,4000000,4034840,morgan stanley
ERYP,20171110,23.26,26.68,27.82,1,27.82,4686106,17118481,jefferies
PPDF,20171110,17.50,13.30,14.63,5,14.63,17000000,17000000,credit suisse
ARCT,20120301,6.00,6.00,10.00,8,10.00,6600000,166702000,ladenburg thalmann
BXG,20171117,14.00,12.55,13.13,3,13.13,6498648,74734455,credit suisse
AMRH,20170918,6.51,6.51,6.51,0,6.51,1811594,17667843,northland
ASNS,20171116,10.00,13.00,14.00,7,14.00,4000000,13694383,piper jaffray
JT,20171116,8.00,8.25,8.43,0,8.43,22500000,22500000,morgan stanley
SEND,20171115,16.00,18.55,19.21,7,19.21,8200000,40791661,morgan stanley
SFIX,20171117,15.00,16.90,18.53,3,18.53,8000000,8000000,goldman sachs
BRPAU,20171120,10.00,10.01,10.03,0,10.03,6000000,7870000,earlybird
SBT,20171117,12.00,12.35,12.46,8,12.46,15000000,52963308,sandler o'neill
SCPH,20171117,14.00,14.25,14.93,7,14.94,6400000,17610151,jefferies
SAIL,20171117,12.00,14.90,15.00,0,15.00,20000000,85554305,jefferies
LEVB,20171117,6.00,5.16,5.88,3,5.88,2000000,7492261,joseph gunnar
BOXL,20171130,7.00,9.17,9.17,0,9.17,1000000,9465410,axiom capital management
CASA,20171215,13.00,13.50,13.65,1,13.90,6000000,80097475,morgan stanley
CUE,20180102,7.50,11.99,12.47,1,12.47,8820710,16640590,feltl
DNLI,20180102,7.50,16.00,16.28,9,16.46,8820710,16640590,goldman sachs
DOGZ,20171220,5.00,5.80,6.40,7,6.40,11000000,16931000,spartan
ICLK,20171222,8.00,8.50,10.60,6,10.60,3750000,3750000,credit suisse
ILPT,20180112,24.00,23.70,23.94,9,23.94,20000000,65000000,rbc
LBC,20171208,10.75,11.75,11.90,1,11.90,12150000,54150000,sandler o'neill
LX,20171221,9.00,11.80,14.88,4,14.88,12000000,12000000,bofa merrill lynch
ODT,20171207,24.00,23.00,24.45,7,24.45,6250000,26890356,goldman sachs
QTRX,20171207,15.00,16.25,16.85,4,16.85,4275200,21179560,jp morgan
RETO,20171129,5.00,8.30,9.46,9,9.46,2800000,22340000,viewtrade
ADT,20180119,14.00,12.65,12.97,2,12.97,105000000,748949378,goldman sachs
CURO,20171207,14.00,14.80,14.83,0,14.99,6666667,44561419,credit suisse
LBRT,20180112,17.00,21.20,21.50,0,21.80,12731092,68975123,goldman sachs
COLD,20180119,16.00,17.50,17.65,0,17.65,45300000,138037685,bofa merrill lynch
NINE,20180119,23.00,24.00,24.50,10,24.69,7000000,23184379,goldman sachs
TORC,20180126,15.00,18.62,20.50,1,20.50,5666667,27196315,bofa merrill lynch
ARMO,20180126,17.00,28.00,31.04,3,31.04,7529412,29275698,jefferies
EYEN,20180125,10.00,10.00,10.74,2,10.74,2730000,9936771,roth
MNLO,20180125,17.00,20.50,23.24,10,24.64,7000000,21927998,jefferies
SLDB,20180126,16.00,25.50,27.79,9,29.25,7812500,33338522,goldman sachs
AGS,20180126,16.00,17.00,17.51,9,17.75,10250000,33628788,credit suisse
GTES,20180125,19.00,19.05,19.35,3,19.41,38500000,283974605,morgan stanley
PAGS,20180124,21.50,28.20,29.25,9,29.25,105385555,107311376,goldman sachs
VICI,20180201,20.00,21.08,21.20,0,21.20,60500000,360778938,goldman sachs
SLGL,20180201,12.00,15.33,16.48,1,16.48,6250000,17985069,jefferies
CDLX,20180209,13.00,12.10,12.57,7,12.57,5400000,19519619,bofa merrill lynch
EOLS,20180208,12.00,11.50,11.50,0,11.50,5000000,23592875,cantor fitzgerald
IPIC,20180201,18.50,17.00,17.00,0,17.00,818429,1248159,roth
OSS,20180201,5.00,5.55,6.00,0,6.00,3800000,12343948,roth
SSLJ,20180205,5.00,5.00,5.00,0,5.00,4000000,8361360,boustead
VCTR,20180208,13.00,12.02,12.34,5,12.34,11700000,11700000,morgan stanley
CAAP,20180201,17.00,17.00,17.99,0,17.99,28571429,160022262,oppenheimer
CEPU,20180202,16.50,16.50,16.70,1,16.70,20000000,N/A,bofa merrill lynch
FTSI,20180202,18.00,19.00,19.20,0,19.80,19500000,106349564,credit suisse
HMI,20180208,11.00,12.00,12.00,0,12.00,10000000,10000000,credit suisse
HUD,20180201,19.00,17.95,17.95,0,17.95,39417765,39417765,credit suisse
QES,20180209,10.00,9.00,9.24,0,9.24,9259259,33040009,bofa merrill lynch
WHD,20180208,19.00,20.28,21.00,5,21.00,23000000,23000000,credit suisse
BFRA,20180214,9.88,13.00,14.03,1,14.03,1215000,1215000,the benchmark
MOTS,20180214,5.00,5.00,5.28,0,5.28,3500000,15572972,piper jaffray
FAMI,20180216,4.00,4.40,5.28,10,5.70,1680000,11680000,viewtrade
BTAI,20180308,11.00,11.02,11.94,8,11.94,5454545,15645545,barclays
AIHS,20180316,4.00,5.51,5.95,9,5.95,3000000,25500000,viewtrade
BWB,20180314,11.75,12.66,12.85,5,12.85,6700000,29054374,sandler o'neill
ZS,20180316,16.00,27.50,28.02,0,28.02,12000000,117331507,goldman sachs
RCUS,20180315,15.00,20.00,21.40,10,21.69,8000000,42550472,goldman sachs
DNJR,20180320,4.00,5.20,5.60,0,5.60,1550000,14550000,viewtrade
DBX,20180323,21.00,29.00,31.49,9,31.60,36000000,52579153,goldman sachs
OPBK,20180328,11.00,11.75,12.00,0,12.00,2000000,15190527,keefe bruyette and woods
STG,20180323,11.50,13.10,14.08,3,14.08,13000000,45459575,credit suisse
BILI,20180328,11.50,9.80,10.60,10,10.61,42000000,42000000,morgan stanley
FIXX,20180328,16.00,23.00,24.40,1,24.40,9000000,36080819,bofa merrill lynch
GNPX,20180329,5.00,4.69,5.25,10,5.50,1280000,13035004,network 1
IQ,20180329,18.00,18.20,18.52,1,18.52,125000000,125000000,credit suisse
UMRX,20180329,12.00,11.75,12.00,0,12.00,5770000,29617718,morgan stanley
GHG,20180327,14.00,14.40,14.70,0,14.70,10200000,10200000,morgan stanley
SPOT,20180403,165.90,165.90,169.00,2,169.00,55731480,N/A,
ZUO,20180412,14.00,20.00,21.00,4,21.00,11000000,11000000,goldman sachs
EACQU,20150730,10.00,10.00,10.02,2,10.02,18000000,22500000,citigroup
TRTLU,20140717,10.00,10.00,10.04,3,10.04,18500000,23125000,deutsche bank
LEAF,20131016,17.00,19.10,19.27,0,19.27,21045148,111631667,credit suisse
EVER,20120503,10.00,10.40,10.50,8,10.59,19220000,113179343,goldman sachs
BV,20120224,12.00,16.00,16.55,0,16.94,9484296,56856168,credit suisse
AMBO,20100805,10.00,10.00,12.60,0,12.60,10677207,21354414,jp morgan
AHPAU,20161011,10.00,9.82,9.89,0,9.90,30000000,37500000,credit suisse
JSYNU,20160303,10.00,9.95,10.00,0,10.00,3900000,5169500,maxim
EAGLU,20150911,10.00,10.01,10.02,4,10.02,48000000,60000000,bofa merrill lynch
PACQU,20110325,10.00,10.00,10.05,1,10.05,3600000,4824000,chardan
STND,20101007,10.00,11.00,11.50,0,11.55,3450000,N/A,stifel nicolaus weisel
FMCIU,20170407,10.00,10.00,10.02,1,10.02,15000000,19455000,earlybird
BNGOU,20180821,6.13,6.00,6.00,0,6.12,3360000,9491432,roth
TZACU,20180821,10.00,10.01,10.12,0,10.12,5500000,7198750,maxim
SFET,20180817,14.35,12.00,12.00,0,12.00,510438,1365375,chardan
TKKSU,20180816,10.00,10.08,10.08,0,10.08,22000000,27700000,earlybird
ARDS,20180814,13.00,13.02,13.85,5,13.85,2000000,7890292,cantor fitzgerald
MESA,20180810,12.00,12.00,12.00,0,12.00,9630000,34131142,bofa merrill lynch
VCNX,20180809,12.00,12.00,12.00,0,12.00,3333334,11475049,oppenheimer
ARLO,20180803,16.00,18.50,20.34,10,20.34,10215000,72715000,bofa merrill lynch
CWK,20180802,17.00,18.00,18.18,2,18.18,45000000,208421971,goldman sachs
TOTAU,20180802,10.00,10.12,10.15,3,10.15,4000000,5200000,chardan
ADIL,20180727,5.00,4.00,4.40,2,4.40,1464000,6538224,maxim
DAVA,20180727,20.00,25.00,26.00,7,26.00,6340000,11043980,credit suisse
OPRA,20180727,12.00,14.34,15.62,10,15.62,9600000,9600000,citigroup
WISA,20180727,5.00,5.00,5.00,0,5.00,2400000,14764450,wallachbeth
TENB,20180726,23.00,33.00,33.89,0,33.89,10900000,91079454,morgan stanley
PDD,20180726,19.00,26.50,27.45,4,27.45,85600000,85600000,credit suisse
FOCS,20180726,33.00,35.90,35.90,0,35.90,16216217,40337676,goldman sachs
JG,20180726,8.50,9.00,9.39,2,9.55,9060000,9060000,credit suisse
LQDA,20180726,11.00,12.45,13.43,4,13.43,4545455,15114802,jefferies
BRY,20180726,14.00,13.25,13.49,4,13.70,13043479,81336762,goldman sachs
CANG,20180726,11.00,12.50,13.89,1,13.89,4000000,4000000,morgan stanley
AQST,20180725,15.00,15.05,15.88,0,16.50,4500000,24500000,rbc
BE,20180725,15.00,18.70,19.40,6,19.43,18000000,18000000,morgan stanley
GLACU,20180725,10.00,10.11,10.17,0,10.17,4000000,5270000,chardan
PRVB,20180724,4.00,8.00,8.00,0,8.00,16375000,37756999,mdb
REPL,20180720,15.00,16.00,16.23,0,16.23,6700000,30838587,jp morgan
TLRY,20180719,17.00,23.05,23.94,0,23.94,9000000,75127375,cowen
MYFW,20180719,19.00,20.75,20.95,0,20.95,1975000,7543194,keefe bruyette and woods
ESTA,20180719,18.00,26.00,27.00,2,27.00,3715277,18486660,jefferies
CNST,20180719,15.00,11.48,12.21,4,12.21,4000000,25699421,jefferies
ALLK,20180719,18.00,27.20,28.07,4,29.25,7133333,40469192,goldman sachs
CCB,20180718,14.50,16.25,16.68,1,16.68,2850000,11403303,keefe bruyette and woods
CRNX,20180718,17.00,19.25,21.39,9,23.23,6000000,23007961,piper jaffray
RUBY,20180718,23.00,30.51,33.01,3,33.01,10483000,77334817,jefferies
ALGRU,20180703,10.00,10.06,10.07,0,10.07,13000000,16622500,cantor fitzgerald
BJ,20180628,17.00,21.25,23.01,0,23.01,37500000,126307859,goldman sachs
ENTX,20180628,8.00,7.30,7.50,1,7.50,1400000,11428320,oppenheimer
HCCHU,20180628,10.00,10.05,10.09,0,10.09,5000000,6338235,earlybird
FTSV,20180628,16.00,15.01,15.44,0,15.44,7035000,29960103,credit suisse
STIM,20180628,17.00,25.00,25.97,3,25.97,5500000,16745558,piper jaffray
TBIO,20180628,13.00,11.50,12.34,5,12.34,9350000,44777667,citigroup
TCDA,20180628,19.00,25.00,26.79,8,26.79,11700000,40189449,goldman sachs
UXIN,20180627,9.00,10.40,10.49,1,10.49,25000000,25000000,morgan stanley
NTGN,20180627,16.00,16.00,16.23,1,16.23,6250000,28199264,morgan stanley
LOVE,20180627,16.00,25.00,25.01,0,25.01,3500000,12926921,roth
HYRE,20180627,5.00,5.55,6.50,3,6.50,2520000,10466876,network 1
ECOR,20180622,15.00,18.00,19.80,0,19.80,5200000,28428095,piper jaffray
AUTL,20180622,17.00,28.00,30.00,0,30.00,8823530,38786214,goldman sachs
APTX,20180621,16.00,17.40,19.43,7,20.25,6399999,32536225,jp morgan
IIIV,20180621,13.00,18.00,18.95,10,19.50,6650000,8094403,keybanc
KZR,20180621,15.00,20.00,20.48,0,20.48,5000000,18321522,jefferies
EPRT,20180621,14.00,13.49,13.57,1,13.57,32500000,40976901,goldman sachs
MGTA,20180621,15.00,15.50,16.33,2,16.33,6666667,34370267,goldman sachs
AVRO,20180621,19.00,29.25,31.60,9,33.08,5247958,23149645,morgan stanley
XERS,20180621,15.00,15.75,17.38,4,17.38,5700000,19735651,jefferies
TWLVU,20180620,10.00,10.02,10.05,6,10.08,18000000,23350000,earlybird
LFACU,20180620,10.00,10.02,10.02,0,10.02,13500000,16875000,raymond james
EIDX,20180620,17.00,20.00,20.65,4,20.65,6250000,35814527,bofa merrill lynch
TBRGU,20180619,10.00,10.05,10.05,0,10.05,22500000,28125000,cantor fitzgerald
VRCA,20180615,15.00,20.00,22.41,1,22.41,5000000,24946371,jefferies
NEW,20180615,17.00,17.00,18.37,5,18.89,7200000,7200000,barclays
AVLR,20180615,24.00,35.00,37.95,2,37.95,7500000,64981383,goldman sachs
CHRA,20180614,12.00,11.75,11.80,0,11.80,7352941,29946471,morgan stanley
USX,20180614,16.00,16.30,16.54,3,16.54,18056000,32191905,morgan stanley
MGTX,20180608,15.00,15.10,15.49,2,15.49,5000000,27184132,bofa merrill lynch
HJLI,20180531,5.00,5.00,5.64,7,5.64,1500000,10150564,network 1
TDACU,20180530,10.00,10.01,10.04,5,10.04,17500000,23025000,chardan
ITRM,20180525,13.00,12.70,12.72,0,12.72,6150000,13959423,rbc
KNSA,20180524,18.00,24.45,24.64,1,24.64,8477777,14748346,goldman sachs
SRRK,20180524,14.00,14.25,14.50,0,15.00,5360000,24440536,jefferies
GSKY,20180524,23.00,22.15,23.00,9,23.35,38000000,51836157,goldman sachs
CLPS,20180524,5.25,5.76,6.34,0,6.34,2000000,13290000,cuttone
EVOP,20180523,16.00,20.05,20.18,0,20.18,14000000,15141970,suntrust robinson humphrey
PS,20180517,15.00,20.00,20.26,1,20.50,20700000,59815846,morgan stanley
VTIQU,20180516,10.00,10.00,10.01,0,10.01,20000000,25800000,cowen
TMCXU,20180515,10.00,10.00,10.01,0,10.02,30000000,37500000,b riley fbr
HUYA,20180511,12.00,15.50,17.07,9,17.07,15000000,15000000,credit suisse
EQH,20180510,20.00,19.75,19.88,2,19.88,137250000,561000000,morgan stanley
EVLO,20180509,16.00,16.00,16.40,5,16.40,5312500,31870854,morgan stanley
OBNK,20180509,34.00,36.25,36.95,7,37.05,3636176,22025489,raymond james
ROAD,20180504,12.00,13.00,13.24,0,13.24,11250000,11250000,raymond james
STXB,20180504,21.00,22.00,22.40,1,22.55,2000000,9486611,keefe bruyette and woods
ASLN,20180504,7.03,6.15,6.45,0,6.45,6000000,32025788,piper jaffray
BCML,20180504,22.00,22.80,23.00,0,23.00,2851218,10363445,da davidson
CBLK,20180504,19.00,24.70,25.84,9,25.84,8000000,65825141,morgan stanley
INSP,20180503,16.00,24.49,24.50,0,24.50,6750000,20240719,goldman sachs
UBX,20180503,17.00,19.00,20.48,3,20.48,5000000,41903538,goldman sachs
XSPL,20180503,5.00,5.51,5.82,1,6.35,1307120,5000000,alexander
PRT,20180502,17.00,16.00,16.69,2,16.69,6250000,12165732,goldman sachs
DOCU,20180427,29.00,38.00,38.44,1,38.68,21700000,152109033,morgan stanley
GSHD,20180427,10.00,12.00,12.02,1,13.00,8530000,12253767,bofa merrill lynch
SMAR,20180427,15.00,18.40,18.50,0,18.50,11633920,11633920,jefferies
LASR,20180426,16.00,23.00,23.75,0,23.75,6000000,33621147,stifel nicolaus
CDAY,20180426,22.00,28.90,29.97,3,30.50,21000000,133166413,goldman sachs
LEVL,20180420,28.00,29.00,30.79,4,30.79,1200000,7554441,keefe bruyette and woods
PVTL,20180420,15.00,16.75,16.80,0,16.80,37000000,74822120,goldman sachs
SURF,20180419,15.00,14.75,14.75,0,14.75,7200000,27597315,goldman sachs
MOR,20180419,25.04,26.16,26.47,0,26.47,8300000,N/A,goldman sachs
EAF,20180419,15.00,14.75,15.20,5,15.20,35000000,302225923,credit suisse
AGMH,20180418,5.00,5.50,5.95,2,5.95,1306055,21410000,network 1
TIBRU,20180316,10.00,10.01,10.01,0,10.01,15000000,18750000,cantor fitzgerald
OPESU,20180314,10.00,10.03,10.05,0,10.05,10000000,12900000,earlybird
DFBHU,20180216,10.00,10.00,10.04,6,10.04,25000000,31250000,goldman sachs
MUDSU,20180208,10.00,10.00,10.00,0,10.00,20000000,25000000,cantor fitzgerald
MTECU,20180130,10.00,10.01,10.05,5,10.06,5000000,6475000,earlybird
GPAQU,20180125,10.00,10.00,10.02,1,10.02,12500000,15625000,b riley fbr
NEBUU,20180110,10.00,10.03,10.04,0,10.05,25000000,31250000,goldman sachs
LACQU,20171201,10.00,10.00,10.01,0,10.01,20000000,25000000,morgan stanley
